Date|Comp|Positive|Negative
2017-01-01|0.1497130434782609|0.11976086956521738|0.01939130434782609
2017-01-02|0.21743387096774192|0.15603225806451607|0.021274193548387096
2017-01-03|0.18937571428571415|0.14307142857142852|0.027642857142857143
2017-01-04|0.2440852272727273|0.16673863636363634|0.023670454545454547
2017-01-05|0.29544193548387115|0.18975806451612898|0.026096774193548385
2017-01-06|0.2821517857142858|0.19041071428571424|0.014107142857142858
2017-01-07|0.19897936507936512|0.13560317460317456|0.014142857142857143
2017-01-08|0.24006346153846153|0.17488461538461536|0.024096153846153844
2017-01-09|0.14740714285714285|0.12657142857142856|0.03161428571428571
2017-01-10|0.19173287671232872|0.12626027397260273|0.011794520547945206
2017-01-11|0.1844538461538461|0.13313846153846154|0.01426153846153846
2017-01-12|0.16529848484848483|0.1481212121212121|0.027545454545454547
2017-01-13|0.14784788732394366|0.12667605633802814|0.03128169014084507
2017-01-14|0.15938958333333336|0.12297916666666665|0.03370833333333333
2017-01-15|0.22138775510204084|0.1483265306122449|0.011897959183673468
2017-01-16|0.16006547619047617|0.11294047619047622|0.01017857142857143
2017-01-17|0.1298841463414634|0.0901341463414634|0.017292682926829266
2017-01-18|0.23002676056338026|0.15614084507042256|0.0113943661971831
2017-01-19|0.2502604395604396|0.181043956043956|0.013274725274725275
2017-01-20|0.21935555555555544|0.1647444444444444|0.02381111111111111
2017-01-21|0.22232388059701483|0.1661044776119403|0.015059701492537311
2017-01-22|0.291811111111111|0.1946296296296296|0.011777777777777778
2017-01-23|0.11446129032258066|0.08866666666666666|0.025817204301075265
2017-01-24|0.11474843750000001|0.10695312499999997|0.039046875
2017-01-25|0.13982211221122098|0.09183168316831686|0.015422442244224423
2017-01-26|0.2016582417582417|0.13716483516483516|0.023153846153846157
2017-01-27|0.12263333333333334|0.10692156862745099|0.037147058823529415
2017-01-28|0.10404081632653063|0.12638775510204078|0.07273469387755102
2017-01-29|0.15580793650793653|0.14669841269841272|0.03628571428571429
2017-01-30|0.18620374999999997|0.12478750000000001|0.0160625
2017-01-31|0.18416973684210527|0.15584210526315784|0.030078947368421052
2017-02-01|0.12000400000000001|0.10271999999999999|0.021759999999999998
2017-02-02|0.13988777777777775|0.13316666666666663|0.03842222222222222
2017-02-03|0.32024444444444466|0.2166543209876543|0.024679012345679013
2017-02-04|0.2402101694915254|0.16227118644067792|0.013610169491525423
2017-02-05|0.22435689655172417|0.14846551724137932|0.010086206896551724
2017-02-06|0.14654444444444448|0.12104166666666664|0.024152777777777776
2017-02-07|0.21793766233766237|0.13680519480519476|0.011688311688311689
2017-02-08|0.17054590163934422|0.13640983606557378|0.017524590163934425
2017-02-09|0.158404347826087|0.11684057971014492|0.017231884057971016
2017-02-10|0.15209146341463406|0.11730487804878051|0.01928048780487805
2017-02-11|0.17995535714285715|0.14416071428571428|0.025839285714285714
2017-02-12|0.22495312499999998|0.157359375|0.0151875
2017-02-13|0.12449081632653058|0.10034693877551018|0.018214285714285714
2017-02-14|0.22143153153153164|0.16081081081081086|0.026810810810810815
2017-02-15|0.16860828025477703|0.11914649681528662|0.016993630573248413
2017-02-16|0.1307832|0.09195999999999994|0.0068
2017-02-17|0.13089325842696634|0.09797752808988763|0.018292134831460676
2017-02-18|0.24022352941176472|0.1675686274509804|0.024196078431372548
2017-02-19|0.11887794117647062|0.12272058823529408|0.033529411764705884
2017-02-20|0.16850793650793652|0.12677777777777777|0.022000000000000002
2017-02-21|0.1255872093023256|0.1158720930232558|0.025046511627906977
2017-02-22|0.18676704545454542|0.13522727272727264|0.00806818181818182
2017-02-23|0.2180117647058823|0.15947058823529411|0.022088235294117645
2017-02-24|0.1933171052631578|0.14673684210526317|0.013092105263157896
2017-02-25|0.2536591836734694|0.1716938775510204|0.008448979591836735
2017-02-26|0.3396425531914893|0.24759574468085108|0.014723404255319148
2017-02-27|0.17845161290322578|0.13522580645161286|0.008301075268817204
2017-02-28|0.28312098765432103|0.1808765432098765|0.012049382716049382
2017-03-01|0.21571034482758625|0.1453448275862069|0.011126436781609194
2017-03-02|0.15986125|0.12382499999999999|0.0275375
2017-03-03|0.27733174603174593|0.17382539682539683|0.011936507936507936
2017-03-04|0.17692200000000002|0.15401999999999996|0.03394
2017-03-05|0.18805208333333331|0.14189583333333333|0.022874999999999996
2017-03-06|0.20171272727272718|0.1379090909090909|0.0106
2017-03-07|0.2112153846153846|0.13924615384615385|0.011369230769230769
2017-03-08|0.20205277777777772|0.1406527777777778|0.021166666666666667
2017-03-09|0.18347121212121212|0.14060606060606062|0.022757575757575758
2017-03-10|0.18164461538461538|0.13463076923076925|0.02001538461538462
2017-03-11|0.2693428571428571|0.15535714285714283|0.0
2017-03-12|0.1433833333333333|0.10766666666666667|0.02277777777777778
2017-03-13|0.11202400000000001|0.06788|0.0
2017-03-14|0.17035263157894737|0.11289473684210528|0.013526315789473685
2017-03-15|0.016713888888888886|0.051277777777777776|0.043277777777777776
2017-03-16|-0.01429705882352941|0.022088235294117648|0.03611764705882353
2017-03-17|0.13383513513513515|0.1012972972972973|0.03354054054054054
2017-03-18|0.1806|0.09553333333333333|0.0
2017-03-19|0.2068818181818182|0.09145454545454546|0.006181818181818182
2017-03-20|0.11478695652173912|0.08591304347826087|0.01643478260869565
2017-03-21|0.052114893617021256|0.06525531914893616|0.03902127659574469
2017-03-22|0.025023529411764712|0.04414705882352941|0.04251470588235294
2017-03-23|-0.020649019607843135|0.0553529411764706|0.07672549019607842
2017-03-24|0.025669999999999995|0.06480000000000001|0.06363333333333333
2017-03-25|0.08234|0.0725|0.0386
2017-03-26|0.2751181818181818|0.17700000000000002|0.0
2017-03-27|0.13050454545454546|0.07886363636363636|0.007772727272727273
2017-03-28|0.14718399999999998|0.08064|0.0
2017-03-29|0.0439054054054054|0.030945945945945946|0.016918918918918918
2017-03-30|0.08070909090909091|0.04866666666666667|0.005060606060606061
2017-03-31|0.05877727272727273|0.03577272727272727|0.005136363636363637
2017-04-01|0.3034|0.15528571428571428|0.0
2017-04-02|0.07441666666666667|0.06661111111111111|0.040611111111111105
2017-04-03|0.06679347826086957|0.05665217391304349|0.01684782608695652
2017-04-04|0.22042033898305083|0.12369491525423731|0.011152542372881356
2017-04-05|0.06419183673469386|0.05677551020408162|0.022346938775510205
2017-04-06|0.06679310344827587|0.0443448275862069|0.008379310344827586
2017-04-07|0.10583943661971833|0.05957746478873239|0.01480281690140845
2017-04-08|0.10815483870967743|0.05774193548387098|0.011774193548387097
2017-04-09|-0.0018333333333333329|0.04362962962962963|0.05533333333333333
2017-04-10|0.15232500000000004|0.08807692307692308|0.00675
2017-04-11|0.21454035087719303|0.14914035087719302|0.026280701754385963
2017-04-12|0.13120298507462688|0.06656716417910448|0.014776119402985077
2017-04-13|0.07751136363636363|0.04986363636363636|0.017386363636363637
2017-04-14|0.10979062500000002|0.10446875|0.04784375
2017-04-15|0.15765909090909094|0.08922727272727272|0.014818181818181819
2017-04-16|0.027008|0.044039999999999996|0.027280000000000002
2017-04-17|0.04192903225806453|0.04082258064516129|0.01925806451612903
2017-04-18|0.10205090909090911|0.07261818181818182|0.0166
2017-04-19|0.12531016949152543|0.06742372881355935|0.003661016949152542
2017-04-20|0.11972857142857143|0.06385714285714286|0.007523809523809524
2017-04-21|0.05188484848484849|0.02842424242424242|0.0
2017-04-22|0.11708461538461538|0.09982051282051281|0.06017948717948718
2017-04-23|0.09835897435897438|0.05835897435897435|0.0028205128205128207
2017-04-24|0.13883437499999998|0.06634374999999999|0.0
2017-04-25|0.1348076923076923|0.07046153846153846|0.008884615384615385
2017-04-26|0.17537857142857144|0.09780952380952382|0.0
2017-04-27|0.0924377777777778|0.05868888888888888|0.015066666666666667
2017-04-28|0.2587415094339623|0.16999999999999996|0.024566037735849058
2017-04-29|0.020529411764705883|0.04329411764705882|0.035176470588235295
2017-04-30|0.19259583333333338|0.1195|0.0
2017-05-01|0.09741458333333335|0.05400000000000001|0.008104166666666668
2017-05-02|0.07329705882352941|0.04635294117647059|0.006352941176470588
2017-05-03|0.20705161290322582|0.11770967741935484|0.00632258064516129
2017-05-04|0.09850000000000002|0.08941818181818184|0.05012727272727273
2017-05-05|0.1085254237288136|0.05930508474576272|0.014135593220338985
2017-05-06|0.10361904761904762|0.11490476190476191|0.07280952380952381
2017-05-07|0.3216125|0.1571875|0.0
2017-05-08|-0.016295|0.05014999999999999|0.06584999999999999
2017-05-09|0.06768181818181816|0.05276363636363636|0.0142
2017-05-10|0.19885660377358488|0.13449056603773585|0.036037735849056604
2017-05-11|0.211755357142857|0.13444642857142858|0.03357142857142857
2017-05-12|0.16343243243243247|0.11213513513513514|0.01810810810810811
2017-05-13|0.08905|0.042055555555555554|0.0
2017-05-14|0.08200571428571429|0.05368571428571428|0.013857142857142856
2017-05-15|0.022596842105263148|0.04570526315789474|0.03491578947368422
2017-05-16|0.11070196078431371|0.08539215686274511|0.0203921568627451
2017-05-17|0.004573648648648618|0.05140540540540537|0.053614864864864865
2017-05-18|-0.03707031249999994|0.028606250000000007|0.056128124999999994
2017-05-19|0.1059245901639344|0.1260573770491803|0.04553278688524589
2017-05-20|0.034994285714285714|0.03325714285714286|0.018285714285714287
2017-05-21|0.07753333333333333|0.05916666666666667|0.01475
2017-05-22|0.0663424778761062|0.06076991150442479|0.014362831858407081
2017-05-23|0.08243815789473685|0.05669736842105262|0.016368421052631577
2017-05-24|0.14246470588235297|0.108|0.02096078431372549
2017-05-25|0.011733333333333344|0.040619047619047624|0.04161904761904762
2017-05-26|0.2057520833333333|0.10262500000000001|0.0074375
2017-05-27|0.1893769230769231|0.08326923076923078|0.0
2017-05-28|0.180012|0.11180000000000001|0.018199999999999997
2017-05-29|0.1277842105263158|0.06847368421052633|0.005403508771929824
2017-05-30|0.1082|0.07419047619047618|0.019
2017-05-31|0.2134753846153845|0.14456923076923076|0.009784615384615385
2017-06-01|0.2349183673469388|0.17240816326530603|0.01689795918367347
2017-06-02|0.07788571428571427|0.05253571428571429|0.005642857142857143
2017-06-03|0.31164615384615385|0.17569230769230768|0.0
2017-06-04|0.2576444444444444|0.17544444444444446|0.022222222222222223
2017-06-05|0.25962692307692314|0.15730769230769234|0.015307692307692309
2017-06-06|0.032276470588235295|0.03011764705882353|0.013676470588235295
2017-06-07|0.17541333333333334|0.10353333333333332|0.0
2017-06-08|0.18876052631578952|0.13455263157894737|0.030131578947368422
2017-06-09|0.02371153846153846|0.01563846153846154|0.0012307692307692308
2017-06-10|0.07232|0.0522|0.03366666666666666
2017-06-11|0.2586617647058824|0.12955882352941175|0.004647058823529412
2017-06-12|0.14178000000000002|0.13462857142857143|0.04788571428571429
2017-06-13|0.018879999999999997|0.021424999999999996|0.010899999999999998
2017-06-14|0.07265714285714285|0.0662857142857143|0.03071428571428571
2017-06-15|0.04229600000000001|0.043|0.01776
2017-06-16|0.08398888888888889|0.05630555555555556|0.012722222222222223
2017-06-17|0.3435|0.19207692307692306|0.014923076923076924
2017-06-18|0.038900000000000004|0.0638125|0.0484375
2017-06-19|0.20703333333333337|0.14459999999999995|0.023800000000000005
2017-06-20|0.2715914285714286|0.1766285714285714|0.02022857142857143
2017-06-21|0.12818|0.07986666666666667|0.012666666666666666
2017-06-22|0.1703|0.12476470588235294|0.020352941176470588
2017-06-23|0.14027142857142857|0.07733333333333332|0.0
2017-06-24|0.16132|0.08739999999999999|0.0
2017-06-25|0.008582608695652177|0.01865217391304348|0.02330434782608696
2017-06-26|0.2113264150943396|0.11764150943396229|0.002981132075471698
2017-06-27|0.20254130434782605|0.12217391304347829|0.011304347826086957
2017-06-28|0.19710833333333333|0.11802777777777777|0.016277777777777776
2017-06-29|0.24115048543689316|0.16810679611650486|0.009466019417475728
2017-06-30|0.13934166666666667|0.07866666666666668|0.0
2017-07-01|0.035275999999999995|0.01688|0.0
2017-07-02|0.177648|0.11660000000000002|0.00864
2017-07-03|0.06883448275862071|0.05058620689655173|0.01703448275862069
2017-07-04|0.03964594594594595|0.032918918918918925|0.0152972972972973
2017-07-05|0.12909361702127659|0.08525531914893615|0.012234042553191488
2017-07-06|0.06586428571428572|0.05185714285714286|0.01603571428571429
2017-07-07|0.08923555555555555|0.07162222222222223|0.030644444444444443
2017-07-08|0.12589999999999998|0.09013333333333334|0.024133333333333333
2017-07-09|0.24451176470588235|0.15129411764705883|0.0
2017-07-10|0.1130076923076923|0.05765384615384616|0.0
2017-07-11|0.09926857142857141|0.06962857142857143|0.005714285714285714
2017-07-12|0.13113809523809522|0.07485714285714284|0.007523809523809524
2017-07-13|0.2747414634146341|0.16609756097560974|0.011560975609756097
2017-07-14|0.14939756097560977|0.09490243902439023|0.016365853658536586
2017-07-15|0.24721176470588233|0.16576470588235295|0.033058823529411765
2017-07-16|0.23747857142857143|0.12653571428571425|0.02057142857142857
2017-07-17|0.13492608695652172|0.09447826086956522|0.022347826086956523
2017-07-18|0.08460000000000001|0.05859615384615384|0.024653846153846155
2017-07-19|0.11090526315789474|0.06998245614035087|0.009929824561403507
2017-07-20|0.07967407407407408|0.05644444444444444|0.024222222222222218
2017-07-21|0.1138818181818182|0.07231818181818182|0.019272727272727275
2017-07-22|0.09405000000000001|0.06054545454545455|0.009818181818181818
2017-07-23|0.12417857142857143|0.12114285714285714|0.06242857142857143
2017-07-24|0.11797741935483871|0.06632258064516129|0.009193548387096776
2017-07-25|0.007620408163265305|0.05418367346938775|0.05493877551020408
2017-07-26|0.10182727272727271|0.07277272727272727|0.014454545454545454
2017-07-27|0.16809411764705878|0.08538235294117646|0.009000000000000001
2017-07-28|0.1292142857142857|0.10366666666666664|0.028619047619047617
2017-07-29|0.1873952380952381|0.10347619047619047|0.004571428571428572
2017-07-30|0.14499333333333334|0.12526666666666667|0.033800000000000004
2017-07-31|0.32389555555555555|0.1448666666666667|0.0
2017-08-01|0.20885925925925924|0.11407407407407409|0.0
2017-08-02|0.06251363636363637|0.0603409090909091|0.01756818181818182
2017-08-03|0.07886249999999999|0.055674999999999995|0.017099999999999997
2017-08-04|0.10828148148148148|0.07937037037037038|0.03314814814814815
2017-08-05|0.1005125|0.0534375|0.0
2017-08-06|0.2461705882352941|0.12805882352941178|0.0
2017-08-07|0.146356|0.06984|0.0
2017-08-08|0.0554060606060606|0.04369696969696969|0.009030303030303029
2017-08-09|0.11198936170212766|0.07038297872340427|0.007361702127659574
2017-08-10|0.17356304347826088|0.13026086956521746|0.028978260869565217
2017-08-11|0.2585033333333333|0.1962|0.013733333333333335
2017-08-12|0.1552173913043478|0.10413043478260872|0.008521739130434783
2017-08-13|0.17511714285714286|0.14974285714285715|0.028657142857142853
2017-08-14|0.09490967741935484|0.0752258064516129|0.006983870967741936
2017-08-15|0.1335064102564103|0.08644871794871796|0.004256410256410256
2017-08-16|0.058494696969697044|0.06298484848484849|0.042628787878787884
2017-08-17|-0.005456800000000001|0.058208|0.06583199999999999
2017-08-18|0.04986849315068493|0.0625890410958904|0.04205479452054794
2017-08-19|0.1738428571428572|0.11151020408163262|0.003530612244897959
2017-08-20|0.12203142857142854|0.08002857142857142|0.014914285714285715
2017-08-21|0.10920277777777779|0.06802777777777778|0.008111111111111112
2017-08-22|0.16350000000000003|0.10946511627906978|0.014767441860465117
2017-08-23|0.11564375000000003|0.06672916666666667|0.02533333333333333
2017-08-24|0.10102941176470588|0.06944117647058824|0.012735294117647058
2017-08-25|0.17174814814814812|0.10277777777777777|0.0052962962962962955
2017-08-26|0.2872045454545455|0.17640909090909093|0.01731818181818182
2017-08-27|0.24584375|0.15275000000000002|0.0
2017-08-28|0.2908978260869565|0.17617391304347824|0.016239130434782607
2017-08-29|0.1413|0.07762499999999999|0.0049375
2017-08-30|0.11034333333333333|0.0851|0.029799999999999997
2017-08-31|0.1631560975609756|0.13053658536585366|0.03073170731707317
2017-09-01|0.14872424242424245|0.13518181818181818|0.04281818181818182
2017-09-02|0.24496818181818183|0.151|0.0
2017-09-03|0.13604782608695654|0.08573913043478261|0.006043478260869566
2017-09-04|0.06661249999999999|0.034562499999999996|0.0
2017-09-05|0.041490624999999996|0.03421875|0.017781250000000002
2017-09-06|0.1217325581395349|0.06604651162790699|0.0048372093023255815
2017-09-07|0.040392500000000005|0.040400000000000005|0.021249999999999998
2017-09-08|0.04083333333333333|0.04272727272727273|0.026575757575757575
2017-09-09|0.11323783783783783|0.0757027027027027|0.017621621621621623
2017-09-10|0.10034545454545453|0.07624242424242424|0.018272727272727274
2017-09-11|0.13289555555555552|0.0937111111111111|0.016266666666666665
2017-09-12|0.13497727272727272|0.07520454545454545|0.011772727272727273
2017-09-13|0.10511041666666669|0.06308333333333334|0.008916666666666668
2017-09-14|0.17659615384615385|0.10673076923076921|0.0026730769230769234
2017-09-15|0.15840943396226412|0.09699999999999999|0.01907547169811321
2017-09-16|0.13281111111111113|0.07915555555555556|0.023
2017-09-17|0.08236666666666667|0.06095833333333333|0.018708333333333337
2017-09-18|0.06327391304347828|0.04201739130434783|0.0040521739130434786
2017-09-19|0.051538596491228064|0.04975438596491229|0.02207017543859649
2017-09-20|0.15305319148936172|0.08795744680851063|0.006127659574468086
2017-09-21|0.13167837837837837|0.09024324324324323|0.011081081081081082
2017-09-22|0.2013945945945946|0.12416216216216217|0.006702702702702703
2017-09-23|0.17348|0.11200000000000002|0.0
2017-09-24|0.11059999999999999|0.06773913043478261|0.006869565217391305
2017-09-25|0.100828|0.07324000000000001|0.01322
2017-09-26|0.1611122807017544|0.09003508771929826|0.006754385964912281
2017-09-27|0.054723809523809515|0.05058730158730159|0.014857142857142859
2017-09-28|0.11312352941176473|0.0852745098039216|0.029588235294117648
2017-09-29|0.17185483870967744|0.09|0.0
2017-09-30|0.15524242424242427|0.09384848484848485|0.0
2017-10-01|0.16778518518518518|0.11133333333333333|0.02903703703703704
2017-10-02|0.07564864864864865|0.053891891891891884|0.015432432432432431
2017-10-03|0.1009604166666667|0.07529166666666669|0.015645833333333335
2017-10-04|0.05028499999999999|0.068825|0.047299999999999995
2017-10-05|0.11699374999999998|0.06728125|0.004
2017-10-06|0.11442187499999999|0.10556249999999998|0.03490625
2017-10-07|0.17326451612903226|0.09635483870967743|0.008
2017-10-08|0.152988|0.12083999999999998|0.039240000000000004
2017-10-09|0.23886206896551732|0.14370689655172414|0.013879310344827587
2017-10-10|0.1612185185185185|0.0845185185185185|0.004481481481481481
2017-10-11|0.1417421052631579|0.07568421052631578|0.0072105263157894745
2017-10-12|0.09082499999999999|0.05872222222222223|0.00802777777777778
2017-10-13|0.07422727272727273|0.0593030303030303|0.016484848484848488
2017-10-14|0.2053151515151515|0.11742424242424243|0.0048484848484848485
2017-10-15|0.16243529411764707|0.1061764705882353|0.012705882352941176
2017-10-16|0.09489069767441861|0.0476046511627907|0.003674418604651163
2017-10-17|-0.00583421052631579|0.06652631578947368|0.0721578947368421
2017-10-18|0.16709374999999999|0.09859375000000001|0.01865625
2017-10-19|0.09922187500000001|0.07909374999999999|0.01725
2017-10-20|0.06991874999999999|0.046546875000000015|0.014078124999999999
2017-10-21|0.14277777777777775|0.08025925925925927|0.009333333333333334
2017-10-22|0.14786875000000002|0.09331250000000002|0.01175
2017-10-23|0.06290243161094222|0.0383677811550152|0.0037051671732522794
2017-10-24|0.06860842696629214|0.04357303370786517|0.003887640449438202
2017-10-25|0.07431029411764706|0.06076470588235295|0.023411764705882354
2017-10-26|0.15552115384615384|0.09134615384615387|0.01301923076923077
2017-10-27|0.13144285714285714|0.09237142857142858|0.014228571428571429
2017-10-28|0.1154086956521739|0.09973913043478261|0.04208695652173913
2017-10-29|0.10771153846153846|0.07103846153846154|0.009961538461538463
2017-10-30|0.09722068965517242|0.08306896551724137|0.03017241379310345
2017-10-31|0.05847966101694916|0.05840677966101694|0.011457627118644067
2017-11-01|0.0786|0.04583673469387755|0.00426530612244898
2017-11-02|0.18314848484848487|0.11254545454545457|0.0022727272727272726
2017-11-03|0.11220749999999999|0.08725000000000001|0.014424999999999999
2017-11-04|0.23401363636363637|0.12454545454545453|0.0
2017-11-05|0.1560035714285714|0.08374999999999999|0.0
2017-11-06|0.21270624999999999|0.10681249999999998|0.010229166666666666
2017-11-07|0.1560514285714286|0.09157142857142855|0.00877142857142857
2017-11-08|0.17293076923076928|0.095|0.0
2017-11-09|0.04899583333333332|0.040275|0.01850833333333334
2017-11-10|0.08176969696969695|0.06271212121212125|0.020954545454545455
2017-11-11|0.27483199999999997|0.16676000000000002|0.01072
2017-11-12|0.13730588235294117|0.09941176470588234|0.011529411764705884
2017-11-13|0.12492368421052633|0.06707894736842106|0.004394736842105264
2017-11-14|-0.014130232558139538|0.040511627906976745|0.052116279069767436
2017-11-15|0.10122352941176453|0.0958382352941177|0.02766911764705883
2017-11-16|0.10137435897435898|0.07298717948717945|0.034019230769230774
2017-11-17|0.15043472222222223|0.08181944444444443|0.008319444444444444
2017-11-18|0.2718285714285713|0.1594761904761905|0.0
2017-11-19|0.1615|0.09921428571428569|0.010452380952380953
2017-11-20|0.12529444444444446|0.07825925925925926|0.015722222222222224
2017-11-21|0.12442830188679248|0.0791509433962264|0.0067169811320754716
2017-11-22|0.15639534883720926|0.08190697674418604|0.0058372093023255816
2017-11-23|0.3460631578947368|0.1473421052631579|0.0019473684210526314
2017-11-24|0.13186363636363635|0.1109090909090909|0.02218181818181818
2017-11-25|0.11506153846153847|0.08926923076923075|0.02523076923076923
2017-11-26|0.15716764705882355|0.10505882352941177|0.038294117647058826
2017-11-27|0.1615973684210526|0.0775263157894737|0.003789473684210526
2017-11-28|0.317842372881356|0.1625084745762712|0.013661016949152541
2017-11-29|0.3480967391304347|0.15469565217391312|0.02779347826086957
2017-11-30|0.10602577319587621|0.11080412371134016|0.0702577319587629
2017-12-01|0.1494388888888889|0.11466666666666667|0.047629629629629626
2017-12-02|0.23722142857142856|0.11114285714285713|0.01978571428571429
2017-12-03|0.131735|0.08122499999999998|0.042374999999999996
2017-12-04|0.1257338461538462|0.0771230769230769|0.03198461538461539
2017-12-05|0.13987627118644075|0.09340677966101694|0.03676271186440678
2017-12-06|0.13486486486486485|0.07145945945945945|0.01567567567567568
2017-12-07|0.24083396226415088|0.1086603773584906|0.0
2017-12-08|0.08516749999999998|0.079925|0.0334
2017-12-09|0.18209999999999993|0.08895833333333332|0.017
2017-12-10|0.19066521739130432|0.10104347826086958|0.011521739130434782
2017-12-11|0.25910425531914894|0.14259574468085107|0.012638297872340425
2017-12-12|0.27229772727272733|0.12188636363636363|0.01497727272727273
2017-12-13|0.19429250000000003|0.13277499999999998|0.01505
2017-12-14|0.1818212121212121|0.10851515151515151|0.017666666666666664
2017-12-15|0.17784318181818182|0.10102272727272728|0.0029772727272727273
2017-12-16|0.09708333333333334|0.0882|0.037599999999999995
2017-12-17|0.14599999999999996|0.10692000000000002|0.02724
2017-12-18|0.2297547169811321|0.11169811320754716|0.02113207547169811
2017-12-19|0.24350588235294116|0.13708823529411765|0.0295
2017-12-20|0.29934347826086954|0.14765217391304344|0.02008695652173913
2017-12-21|0.2608428571428572|0.13639285714285715|0.0059642857142857145
2017-12-22|0.20389714285714292|0.1625142857142857|0.01802857142857143
2017-12-23|0.3176280000000001|0.14500000000000002|0.0
2017-12-24|0.22260937500000005|0.092|0.0143125
2017-12-25|0.3104606060606061|0.14633333333333334|0.011242424242424243
2017-12-26|0.059896875|0.07956250000000001|0.02878125
2017-12-27|0.26835000000000003|0.13196875|0.008812500000000001
2017-12-28|0.17085128205128206|0.1047948717948718|0.012384615384615385
2017-12-29|0.26052857142857144|0.14210714285714285|0.009607142857142857
2017-12-30|0.3333450000000001|0.17095|0.0
2017-12-31|0.21111515151515148|0.15645454545454546|0.06375757575757576
2018-01-01|0.19723703703703702|0.11388888888888887|0.029962962962962966
2018-01-02|0.33775555555555553|0.1787037037037037|0.008
2018-01-03|0.19383103448275865|0.11417241379310347|0.02544827586206896
2018-01-04|0.16734999999999997|0.0981875|0.032812499999999994
2018-01-05|0.08668472222222222|0.060875|0.05012499999999999
2018-01-06|0.11090294117647058|0.09873529411764705|0.05070588235294118
2018-01-07|0.059512499999999996|0.027687500000000004|0.0263125
2018-01-08|0.06746470588235291|0.0666470588235294|0.03652941176470588
2018-01-09|0.18086285714285716|0.08497142857142857|0.003514285714285714
2018-01-10|0.05739111111111106|0.07464444444444444|0.03846666666666667
2018-01-11|0.18293235294117652|0.1103529411764706|0.03667647058823529
2018-01-12|0.179671875|0.08125|0.00446875
2018-01-13|0.16000312500000002|0.08578125|0.01759375
2018-01-14|0.15335000000000001|0.0766875|0.0131875
2018-01-15|0.2036666666666667|0.09036666666666666|0.005866666666666667
2018-01-16|0.17855333333333334|0.09686666666666666|0.0328
2018-01-17|0.1416652173913044|0.0877608695652174|0.021695652173913043
2018-01-18|0.1513228070175439|0.07589473684210529|0.019192982456140352
2018-01-19|0.22020000000000003|0.10234146341463414|0.026536585365853654
2018-01-20|0.11619387755102041|0.07720408163265306|0.025734693877551017
2018-01-21|0.07774117647058823|0.07300000000000001|0.05420588235294117
2018-01-22|0.22518863636363642|0.11004545454545452|0.020136363636363633
2018-01-23|0.22942456140350875|0.12401754385964911|0.014017543859649121
2018-01-24|0.22466875000000003|0.12015625000000002|0.03115625
2018-01-25|0.2644820512820513|0.12223076923076924|0.01648717948717949
2018-01-26|0.3038302325581396|0.14574418604651163|0.021930232558139535
2018-01-27|0.2543823529411765|0.14779411764705885|0.03738235294117647
2018-01-28|0.18508846153846156|0.10407692307692308|0.026961538461538457
2018-01-29|0.23522424242424245|0.12163636363636364|0.010575757575757575
2018-01-30|0.1271985074626866|0.1168507462686567|0.076044776119403
2018-01-31|0.13606226415094344|0.13386792452830193|0.06288679245283019
2018-02-01|0.11769189189189186|0.07475675675675678|0.02367567567567568
2018-02-02|0.153925|0.0705357142857143|0.0
2018-02-03|0.31256|0.15864|0.00504
2018-02-04|0.22294|0.13056|0.04072
2018-02-05|0.1681106796116505|0.09227184466019421|0.018165048543689322
2018-02-06|0.15352777777777782|0.08030555555555557|0.03205555555555555
2018-02-07|0.11237457627118648|0.08961016949152541|0.041644067796610174
2018-02-08|0.17406734693877557|0.11926530612244893|0.03555102040816326
2018-02-09|0.2012342105263157|0.1253947368421053|0.020236842105263154
2018-02-10|0.19163076923076933|0.146025641025641|0.00717948717948718
2018-02-11|0.1904290322580645|0.11996774193548386|0.03174193548387097
2018-02-12|0.07872051282051283|0.06497435897435896|0.023512820512820515
2018-02-13|0.2064509433962265|0.11500000000000002|0.027
2018-02-14|0.22200535714285724|0.10686607142857148|0.017276785714285713
2018-02-15|0.22004031413612557|0.09848167539267019|0.01701570680628272
2018-02-16|0.21205108695652167|0.11476086956521737|0.010456521739130437
2018-02-17|0.1965448275862069|0.11460344827586212|0.016482758620689656
2018-02-18|0.12985000000000002|0.07552380952380955|0.016071428571428573
2018-02-19|0.16622307692307686|0.1057142857142857|0.03187912087912088
2018-02-20|0.23530675675675664|0.11545945945945944|0.005094594594594595
2018-02-21|0.21112923076923074|0.13444615384615383|0.02632307692307692
2018-02-22|0.21307962962962956|0.12381481481481485|0.026648148148148147
2018-02-23|0.3112857142857143|0.1536326530612245|0.021612244897959182
2018-02-24|0.26770243902439017|0.11019512195121951|0.010560975609756098
2018-02-25|0.19798148148148145|0.09480246913580247|0.03341975308641975
2018-02-26|0.25183076923076925|0.14324615384615386|0.010553846153846155
2018-02-27|0.24168750000000003|0.16217857142857145|0.027303571428571427
2018-02-28|0.155775|0.10650000000000001|0.042125
2018-03-01|0.13903733333333332|0.10077333333333333|0.019946666666666668
2018-03-02|0.29462745098039206|0.14152941176470585|0.036
2018-03-03|0.3586322580645161|0.21551612903225803|0.023290322580645163
2018-03-04|0.32945882352941164|0.19011764705882356|0.0029411764705882353
2018-03-05|0.13622268041237112|0.0821443298969072|0.010670103092783505
2018-03-06|0.20167272727272725|0.08569696969696967|0.00884848484848485
2018-03-07|0.1711769230769231|0.09027692307692309|0.016107692307692306
2018-03-08|0.2859238095238095|0.1590952380952381|0.017904761904761906
2018-03-09|0.25793999999999995|0.150175|0.014099999999999998
2018-03-10|0.23894545454545454|0.12451515151515151|0.01575757575757576
2018-03-11|0.2018956521739131|0.107|0.0
2018-03-12|0.14735098039215686|0.08845098039215686|0.009058823529411763
2018-03-13|0.22317222222222224|0.14112962962962963|0.028648148148148152
2018-03-14|0.27093953488372086|0.1575813953488372|0.019046511627906975
2018-03-15|0.3480285714285714|0.197625|0.020857142857142855
2018-03-16|0.31919574468085105|0.18117021276595743|0.018680851063829787
2018-03-17|0.31450232558139524|0.15379069767441858|0.001813953488372093
2018-03-18|0.20843513513513517|0.13099999999999998|0.050891891891891895
2018-03-19|0.1865758064516129|0.11453225806451614|0.008370967741935484
2018-03-20|0.2954279411764707|0.14339705882352938|0.02560294117647059
2018-03-21|0.25707457627118635|0.151|0.003745762711864407
2018-03-22|0.22121212121212117|0.11121212121212118|0.022954545454545457
2018-03-23|0.19091475409836065|0.11737704918032787|0.02016393442622951
2018-03-24|0.10167999999999999|0.06517777777777779|0.022288888888888893
2018-03-25|0.2684102040816326|0.14730612244897962|0.01736734693877551
2018-03-26|-0.04419859154929577|0.06707042253521125|0.11281690140845065
2018-03-27|-0.06459005847953216|0.04766081871345029|0.1173157894736842
2018-03-28|0.16158793103448274|0.12206896551724138|0.0625
2018-03-29|0.29589999999999994|0.1613333333333333|0.014907407407407406
2018-03-30|0.12644117647058825|0.0991372549019608|0.039411764705882354
2018-03-31|0.18606666666666669|0.09733333333333336|0.024333333333333332
2018-04-01|0.16206486486486493|0.09421621621621623|0.028999999999999998
2018-04-02|0.2272854166666666|0.13602083333333337|0.012562499999999999
2018-04-03|0.15780399999999997|0.12147999999999999|0.03242
2018-04-04|0.2562015624999999|0.14818750000000006|0.015078125
2018-04-05|0.33667500000000006|0.19738636363636364|0.0032045454545454543
2018-04-06|0.21993571428571432|0.15361904761904763|0.03290476190476191
2018-04-07|0.19085000000000002|0.11136666666666667|0.006533333333333334
2018-04-08|0.1403714285714286|0.1129761904761905|0.035738095238095235
2018-04-09|0.196978947368421|0.10936842105263161|0.022877192982456142
2018-04-10|0.2435808219178082|0.14493150684931505|0.024890410958904107
2018-04-11|0.26632799999999995|0.15053999999999998|0.01386
2018-04-12|0.2479542857142857|0.15799999999999995|0.008
2018-04-13|0.23429464285714285|0.12919642857142857|0.0074285714285714285
2018-04-14|-0.007791304347826088|0.043000000000000003|0.057956521739130434
2018-04-15|0.06952857142857144|0.040857142857142856|0.02435714285714286
2018-04-16|0.2194085106382979|0.10893617021276596|0.009000000000000001
2018-04-17|0.2897387096774194|0.11745161290322581|0.0014193548387096773
2018-04-18|0.039635416666666666|0.05449999999999999|0.05027083333333334
2018-04-19|0.15541250000000004|0.11580000000000001|0.029724999999999994
2018-04-20|0.14795277777777782|0.08513888888888888|0.011416666666666667
2018-04-21|0.1361525|0.08399999999999999|0.0324
2018-04-22|0.2641288888888888|0.13795555555555553|0.008355555555555555
2018-04-23|0.14628235294117653|0.07176470588235292|0.011705882352941177
2018-04-24|0.17441799999999993|0.06686|0.0011799999999999998
2018-04-25|0.22061904761904763|0.09271428571428572|0.0015952380952380953
2018-04-26|0.16921250000000002|0.0758125|0.0203125
2018-04-27|0.21990384615384612|0.10434615384615387|0.02057692307692308
2018-04-28|0.17383448275862068|0.08820689655172413|0.004482758620689655
2018-04-29|0.12836000000000003|0.08080000000000001|0.0055
2018-04-30|0.1385146341463415|0.07309756097560975|0.01768292682926829
2018-05-01|0.18900967741935487|0.09493548387096773|0.03432258064516129
2018-05-02|0.25085306122448975|0.1215918367346939|0.014836734693877553
2018-05-03|0.08205208333333334|0.06441666666666669|0.04656250000000001
2018-05-04|0.3474148936170212|0.16846808510638298|0.011021276595744681
2018-05-05|0.1996736842105263|0.09123684210526317|0.0255
2018-05-06|0.18410937500000002|0.0731875|0.01675
2018-05-07|0.11446285714285716|0.06542857142857143|0.019371428571428574
2018-05-08|0.06578461538461539|0.08946153846153845|0.07382051282051282
2018-05-09|0.2479425531914894|0.10393617021276595|0.009212765957446809
2018-05-10|0.25267959183673466|0.12199999999999998|0.02306122448979592
2018-05-11|0.04179402985074628|0.08605970149253732|0.04452238805970148
2018-05-12|0.20374285714285717|0.1045714285714286|0.022261904761904757
2018-05-13|0.13118518518518515|0.10322222222222222|0.03518518518518518
2018-05-14|0.19431509433962266|0.09420754716981132|0.02156603773584905
2018-05-15|0.20124565217391302|0.0869782608695652|0.01597826086956522
2018-05-16|0.24439117647058822|0.1198529411764706|0.020696078431372552
2018-05-17|0.11859633027522938|0.09497247706422014|0.043899082568807334
2018-05-18|0.09586222222222224|0.07206666666666667|0.04064444444444444
2018-05-19|0.1706618181818182|0.10374545454545452|0.05674545454545454
2018-05-20|0.2168558823529412|0.12150000000000001|0.026000000000000002
2018-05-21|0.18450327868852456|0.086|0.029573770491803274
2018-05-22|0.12889782608695652|0.08732608695652176|0.03802173913043479
2018-05-23|-0.11472613636363636|0.04675|0.09497727272727269
2018-05-24|0.05651739130434782|0.056152173913043474|0.033956521739130434
2018-05-25|0.12924883720930236|0.09200000000000001|0.06904651162790697
2018-05-26|0.16567083333333335|0.1295|0.08691666666666668
2018-05-27|0.2604000000000001|0.1517037037037037|0.04003703703703704
2018-05-28|0.144746|0.07114000000000001|0.014199999999999999
2018-05-29|0.21073513513513512|0.10021621621621622|0.04578378378378378
2018-05-30|0.21143555555555552|0.0892888888888889|0.019311111111111112
2018-05-31|0.27934000000000003|0.11064444444444446|0.021177777777777778
2018-06-01|0.23677058823529412|0.1315294117647059|0.03802941176470589
2018-06-02|0.16019999999999998|0.07879411764705883|0.022235294117647058
2018-06-03|0.22293529411764706|0.09752941176470588|0.017823529411764707
2018-06-04|0.04790952380952381|0.05523809523809523|0.03923809523809524
2018-06-05|0.16540799999999997|0.10128|0.04447999999999999
2018-06-06|0.15813055555555555|0.10630555555555554|0.04080555555555555
2018-06-07|0.1114425|0.06670000000000001|0.012074999999999999
2018-06-08|0.19134375000000003|0.11268749999999997|0.038125
2018-06-09|0.06223333333333333|0.09692592592592593|0.061259259259259256
2018-06-10|0.10978958333333334|0.09097916666666667|0.05668750000000001
2018-06-11|0.16417924528301886|0.08379245283018864|0.026962264150943396
2018-06-12|0.10909787234042555|0.07612765957446808|0.02970212765957447
2018-06-13|0.1375421052631579|0.07205263157894737|0.01780701754385965
2018-06-14|0.19686891891891886|0.10336486486486485|0.010189189189189188
2018-06-15|0.31006181818181827|0.15300000000000002|0.013181818181818183
2018-06-16|0.2753935483870968|0.13848387096774195|0.02425806451612903
2018-06-17|0.11347692307692309|0.06996153846153846|0.0265
2018-06-18|0.21996285714285715|0.0948|0.01562857142857143
2018-06-19|0.29904749999999997|0.125675|0.011875
2018-06-20|0.16567714285714286|0.0803714285714286|0.030828571428571427
2018-06-21|0.33820943396226405|0.11443396226415097|0.006320754716981132
2018-06-22|0.2712333333333334|0.11006666666666669|0.018600000000000002
2018-06-23|0.24788823529411766|0.08941176470588236|0.011529411764705884
2018-06-24|0.1969058823529412|0.09870588235294117|0.03541176470588235
2018-06-25|0.1396545454545455|0.08677272727272728|0.04777272727272727
2018-06-26|0.16390312500000004|0.07365625|0.010624999999999999
2018-06-27|0.19821739130434785|0.1212608695652174|0.03669565217391304
2018-06-28|0.2285236842105263|0.1214736842105263|0.01863157894736842
2018-06-29|0.228221875|0.11565624999999999|0.03290625
2018-06-30|0.35208723404255315|0.10859574468085106|0.006297872340425532
2018-07-01|0.26457647058823536|0.1|0.016176470588235296
2018-07-02|0.1921478260869565|0.12643478260869567|0.09078260869565218
2018-07-03|0.15678484848484847|0.11309090909090912|0.04039393939393939
2018-07-04|0.24790909090909094|0.08890909090909091|0.004787878787878788
2018-07-05|0.2649782608695653|0.14526086956521742|0.012086956521739129
2018-07-06|0.28887272727272734|0.12136363636363638|0.017393939393939396
2018-07-07|0.2503923076923077|0.11146153846153847|0.020307692307692308
2018-07-08|0.16984285714285713|0.11935714285714286|0.02192857142857143
2018-07-09|0.1435705882352941|0.06608823529411764|0.019999999999999997
2018-07-10|0.08843000000000001|0.052866666666666666|0.029466666666666665
2018-07-11|0.2829638888888889|0.11488888888888892|0.015722222222222224
2018-07-12|0.20669090909090912|0.11863636363636362|0.037333333333333336
2018-07-13|0.3115822222222222|0.15120000000000003|0.03915555555555556
2018-07-14|0.31305932203389825|0.16583050847457628|0.0542542372881356
2018-07-15|0.3712149999999999|0.151975|0.031875
2018-07-16|0.10431162790697678|0.059302325581395345|0.030465116279069768
2018-07-17|0.22917692307692306|0.1296153846153846|0.01546153846153846
2018-07-18|0.3041500000000001|0.131625|0.013291666666666667
2018-07-19|0.21440731707317076|0.09404878048780489|0.02512195121951219
2018-07-20|0.2167421052631579|0.1366315789473684|0.05178947368421053
2018-07-21|0.160905|0.08150000000000002|0.03895
2018-07-22|0.0673|0.04619230769230769|0.02046153846153846
2018-07-23|0.22789268292682924|0.09629268292682926|0.022414634146341466
2018-07-24|0.2370177777777778|0.08264444444444444|0.0138
2018-07-25|0.21109534883720935|0.07997674418604653|0.012488372093023253
2018-07-26|0.2472388888888889|0.1283888888888889|0.03097222222222222
2018-07-27|0.23433684210526315|0.08442105263157895|0.005473684210526316
2018-07-28|-0.02442499999999999|0.061437500000000006|0.08031250000000001
2018-07-29|0.044705882352941186|0.058294117647058816|0.055352941176470584
2018-07-30|0.2881702702702702|0.11027027027027025|0.010783783783783784
2018-07-31|0.20341212121212127|0.09715151515151516|0.013545454545454546
2018-08-01|0.21489600000000003|0.12316|0.022080000000000002
2018-08-02|0.43924615384615395|0.19680769230769235|0.00873076923076923
2018-08-03|0.3290288461538461|0.1583269230769231|0.004557692307692308
2018-08-04|0.14856206896551727|0.07841379310344827|0.019655172413793102
2018-08-05|0.3158083333333333|0.11616666666666668|0.0
2018-08-06|0.08818545454545455|0.09312727272727271|0.057654545454545465
2018-08-07|0.08561315789473685|0.08313157894736845|0.042
2018-08-08|0.24021052631578949|0.11236842105263156|0.02031578947368421
2018-08-09|0.13143000000000002|0.043300000000000005|0.004266666666666667
2018-08-10|0.1828452830188679|0.07718867924528303|0.010471698113207547
2018-08-11|0.0778|0.0855|0.04195833333333334
2018-08-12|0.040942857142857135|0.05721428571428571|0.024357142857142855
2018-08-13|0.14958888888888888|0.061037037037037035|0.010037037037037037
2018-08-14|0.17961272727272728|0.08314545454545455|0.007999999999999998
2018-08-15|0.147377|0.08644000000000002|0.051949999999999996
2018-08-16|0.24210736842105263|0.11230526315789476|0.015947368421052627
2018-08-17|0.22564339622641508|0.11009433962264151|0.020754716981132078
2018-08-18|0.14035217391304347|0.11382608695652176|0.021217391304347827
2018-08-19|0.18185|0.10495000000000002|0.00835
2018-08-20|0.21787543859649117|0.11438596491228067|0.021947368421052632
2018-08-21|0.19526888888888894|0.10091111111111112|0.020577777777777775
2018-08-22|0.23684054054054055|0.11648648648648648|0.009324324324324323
2018-08-23|0.23405925925925924|0.08770370370370371|0.002592592592592593
2018-08-24|0.25658157894736844|0.11834210526315789|0.017052631578947368
2018-08-25|0.33336874999999994|0.16528125000000002|0.035375000000000004
2018-08-26|0.2679285714285714|0.13064285714285714|0.0
2018-08-27|0.2127157894736842|0.08757894736842106|0.0
2018-08-28|0.2946000000000001|0.13392105263157894|0.01813157894736842
2018-08-29|0.0|0.0|0.0
2018-08-30|0.19031891891891892|0.10202702702702701|0.021351351351351352
2018-08-31|0.2624655172413793|0.0993103448275862|0.0040344827586206895
2018-09-01|0.28458717948717943|0.10592307692307693|0.020589743589743588
2018-09-02|0.2270857142857143|0.09564285714285714|0.0185
2018-09-03|0.27278|0.12263999999999997|0.028319999999999998
2018-09-04|0.28876730769230763|0.1374230769230769|0.019230769230769232
2018-09-05|0.2804767857142857|0.1260892857142857|0.026892857142857145
2018-09-06|0.20564722222222226|0.10663888888888888|0.016138888888888887
2018-09-07|0.2585404761904761|0.11173809523809525|0.013166666666666669
2018-09-08|-0.0299|0.029777777777777778|0.03133333333333333
2018-09-09|0.21912666666666664|0.11366666666666665|0.012466666666666666
2018-09-10|0.19723250000000006|0.12100000000000002|0.027225
2018-09-11|0.30448309859154904|0.15356338028169006|0.0016056338028169013
2018-09-12|0.23516499999999999|0.11444999999999998|0.012575
2018-09-13|0.18448260869565222|0.10297826086956521|0.02206521739130435
2018-09-14|0.15738723404255323|0.09104255319148936|0.020170212765957447
2018-09-15|0.10459777777777778|0.08257777777777779|0.03504444444444445
2018-09-16|0.20207500000000003|0.1059642857142857|0.015678571428571427
2018-09-17|0.2020694444444444|0.10802777777777779|0.03105555555555555
2018-09-18|0.2299481481481482|0.09385185185185187|0.003740740740740741
2018-09-19|0.22896415094339617|0.10777358490566039|0.018207547169811322
2018-09-20|0.1118288888888889|0.062422222222222205|0.009622222222222223
2018-09-21|0.17237857142857146|0.13059523809523807|0.05909523809523809
2018-09-22|0.14047619047619048|0.06571428571428573|0.021333333333333333
2018-09-23|0.3261071428571429|0.14300000000000002|0.006
2018-09-24|0.28472820512820507|0.13241025641025642|0.00641025641025641
2018-09-25|0.26114193548387094|0.10825806451612904|0.006967741935483871
2018-09-26|0.2825485714285714|0.11185714285714288|0.0
2018-09-27|0.20084255319148933|0.07557446808510636|0.01
2018-09-28|0.17303714285714286|0.08805714285714283|0.017028571428571428
2018-09-29|0.15087272727272727|0.11063636363636363|0.05909090909090909
2018-09-30|0.14985185185185187|0.08103703703703705|0.0024074074074074076
2018-10-01|0.1084462962962963|0.06666666666666667|0.031092592592592592
2018-10-02|0.1285953488372093|0.0864186046511628|0.03983720930232559
2018-10-03|0.25539591836734693|0.11991836734693877|0.01389795918367347
2018-10-04|0.2265878048780488|0.11268292682926827|0.018682926829268292
2018-10-05|0.21660263157894738|0.08144736842105264|0.010368421052631579
2018-10-06|0.20974883720930232|0.06937209302325581|0.002767441860465116
2018-10-07|0.23558333333333334|0.1011111111111111|0.027611111111111107
2018-10-08|0.11322727272727273|0.06993939393939397|0.04633333333333334
2018-10-09|0.24291428571428578|0.11160714285714286|0.01992857142857143
2018-10-10|0.120771875|0.08012500000000002|0.023031250000000003
2018-10-11|0.2732214285714285|0.11104761904761906|0.009595238095238096
2018-10-12|0.010580555555555557|0.06677777777777777|0.13313888888888886
2018-10-13|0.1966129032258064|0.0853225806451613|0.033709677419354836
2018-10-14|0.17170384615384618|0.07526923076923077|0.0
2018-10-15|0.20542272727272726|0.09777272727272726|0.009318181818181817
2018-10-16|0.2591742857142857|0.08891428571428572|0.004314285714285714
2018-10-17|0.11282222222222221|0.053111111111111116|0.0
2018-10-18|0.22406666666666672|0.1031388888888889|0.00961111111111111
2018-10-19|0.3104395348837209|0.12153488372093026|0.004348837209302326
2018-10-20|0.1652625|0.09487499999999999|0.0090625
2018-10-21|0.10036470588235294|0.08511764705882353|0.03352941176470588
2018-10-22|0.27827846153846153|0.10696923076923076|0.01443076923076923
2018-10-23|0.18774137931034485|0.07606896551724138|0.020482758620689653
2018-10-24|0.30264918032786897|0.1470327868852459|0.006885245901639345
2018-10-25|0.17201388888888888|0.08013888888888888|0.018250000000000002
2018-10-26|0.20979130434782609|0.11791304347826088|0.060434782608695656
2018-10-27|0.15825416666666667|0.08650000000000001|0.02
2018-10-28|0.057614285714285715|0.030857142857142857|0.0
2018-10-29|0.2075951219512195|0.1026341463414634|0.02168292682926829
2018-10-30|0.2214111111111111|0.09103703703703704|0.009370370370370371
2018-10-31|0.15285555555555555|0.06970370370370371|0.007703703703703703
2018-11-01|0.20930000000000004|0.08466666666666665|0.011037037037037038
2018-11-02|0.22505312499999997|0.09284375000000002|0.0245625
2018-11-03|0.15257058823529407|0.10576470588235293|0.05405882352941177
2018-11-04|0.11974705882352943|0.10305882352941177|0.055
2018-11-05|0.16852333333333336|0.09866666666666667|0.03586666666666667
2018-11-06|0.08723448275862067|0.09179310344827588|0.06665517241379311
2018-11-07|0.07056857142857142|0.0788857142857143|0.04317142857142857
2018-11-08|0.2741258064516129|0.13525806451612904|0.028354838709677418
2018-11-09|0.1629536585365854|0.07792682926829268|0.02507317073170732
2018-11-10|0.18946388888888888|0.09511111111111112|0.02008333333333333
2018-11-11|0.03227894736842103|0.06763157894736843|0.09157894736842105
2018-11-12|0.07843809523809522|0.054023809523809516|0.031857142857142855
2018-11-13|0.15452539682539682|0.08985714285714287|0.018111111111111116
2018-11-14|0.14902674418604647|0.06660465116279068|0.008872093023255813
2018-11-15|0.18418333333333325|0.08914285714285716|0.01181746031746032
2018-11-16|0.18854210526315784|0.1052236842105263|0.02219736842105263
2018-11-17|0.11904411764705883|0.09608823529411765|0.023441176470588233
2018-11-18|0.18925172413793107|0.10417241379310345|0.016724137931034482
2018-11-19|0.1598510204081633|0.0656530612244898|0.0077346938775510205
2018-11-20|0.15750714285714287|0.07807142857142856|0.019761904761904765
2018-11-21|0.18668181818181817|0.10612121212121214|0.03848484848484848
2018-11-22|0.1641|0.06058333333333333|0.0026666666666666666
2018-11-23|0.06748947368421053|0.03926315789473685|0.015421052631578946
2018-11-24|0.008150000000000004|0.03725|0.035125
2018-11-25|0.2628|0.10752631578947369|0.0
2018-11-26|0.13164857142857142|0.04845714285714286|0.005857142857142858
2018-11-27|0.35515897435897437|0.1356923076923077|0.0
2018-11-28|0.2345727272727273|0.11149999999999999|0.01556818181818182
2018-11-29|0.2812486486486487|0.13083783783783778|0.028459459459459456
2018-11-30|0.3293392156862744|0.14549019607843136|0.008313725490196077
2018-12-01|0.12588000000000002|0.06781333333333332|0.00336
2018-12-02|0.121625|0.07015625000000002|0.0169375
2018-12-03|0.16851470588235293|0.07564705882352941|0.0031176470588235292
2018-12-04|0.22250212765957444|0.10142553191489365|0.020148936170212767
2018-12-05|0.2511461538461538|0.09605128205128205|0.0008717948717948718
2018-12-06|0.17521764705882356|0.08074509803921567|0.015666666666666666
2018-12-07|0.2738087719298245|0.12259649122807016|0.015035087719298245
2018-12-08|0.19465|0.08399999999999999|0.030937499999999996
2018-12-09|0.19572|0.1098|0.04393333333333334
2018-12-10|0.2728516129032258|0.1057741935483871|0.00635483870967742
2018-12-11|0.18410256410256412|0.0627948717948718|0.003666666666666667
2018-12-12|0.24402250000000003|0.10242499999999999|0.008749999999999999
2018-12-13|0.2749222222222223|0.11144444444444443|0.0
2018-12-14|0.18802424242424243|0.10193939393939395|0.018424242424242423
2018-12-15|0.18730344827586207|0.10441379310344828|0.02382758620689655
2018-12-16|0.3896|0.20750000000000002|0.0
2018-12-17|0.22387560975609752|0.09651219512195122|0.0037804878048780487
2018-12-18|0.21621304347826087|0.08704347826086956|0.005
2018-12-19|0.11862941176470587|0.07255882352941179|0.03541176470588235
2018-12-20|0.2775000000000001|0.1058|0.0022400000000000002
2018-12-21|0.3711121951219512|0.15731707317073168|0.016097560975609753
2018-12-22|0.17626666666666668|0.07493333333333334|0.0
2018-12-23|0.19356666666666666|0.11766666666666664|0.051166666666666666
2018-12-24|0.36132400000000003|0.13212000000000002|0.0042
2018-12-25|0.18032|0.10510000000000001|0.0299
2018-12-26|0.30871212121212116|0.10875757575757579|0.015787878787878788
2018-12-27|0.19789714285714285|0.07579999999999999|0.009771428571428572
2018-12-28|0.2576088235294118|0.1326764705882353|0.004764705882352942
2018-12-29|0.26373|0.12089999999999997|0.0
2018-12-30|0.2519|0.1186875|0.015125
2018-12-31|0.19903529411764703|0.06831372549019608|0.0032549019607843134
2019-01-01|0.17190999999999998|0.08345|0.01235
2019-01-02|0.23598974358974362|0.12394871794871794|0.006923076923076923
2019-01-03|0.26535675675675674|0.12354054054054057|0.002351351351351351
2019-01-04|0.3281125|0.16558333333333333|0.02020833333333333
2019-01-05|0.17937368421052627|0.11831578947368422|0.037368421052631585
2019-01-06|0.09396875|0.0564375|0.027375000000000003
2019-01-07|0.2611135135135135|0.10672972972972974|0.013513513513513513
2019-01-08|0.22462222222222225|0.0925277777777778|0.013944444444444445
2019-01-09|0.2662190476190476|0.10383333333333333|0.017333333333333333
2019-01-10|0.16736923076923074|0.07907692307692307|0.0
2019-01-11|0.228783870967742|0.09858064516129034|0.00864516129032258
2019-01-12|0.17055428571428577|0.06700000000000002|0.014285714285714285
2019-01-13|0.3422071428571429|0.15257142857142858|0.0
2019-01-14|0.1194|0.08450000000000002|0.023115384615384614
2019-01-15|0.17547446808510642|0.08063829787234043|0.01502127659574468
2019-01-16|0.26395254237288135|0.10377966101694919|0.01176271186440678
2019-01-17|0.17101964285714288|0.08150000000000002|0.019107142857142857
2019-01-18|0.19133023255813952|0.06804651162790698|0.008976744186046512
2019-01-19|0.26718536585365854|0.09956097560975609|0.010951219512195123
2019-01-20|0.22125750000000002|0.086575|0.0186
2019-01-21|0.23077812500000003|0.09175|0.01903125
2019-01-22|0.2552634146341464|0.09375609756097561|0.018048780487804877
2019-01-23|0.30679|0.1128|0.012159999999999999
2019-01-24|0.15174905660377358|0.06356603773584905|0.01611320754716981
2019-01-25|0.19523928571428573|0.08791071428571429|0.017321428571428567
2019-01-26|0.23407777777777777|0.10179999999999999|0.02453333333333333
2019-01-27|0.24183684210526316|0.11378947368421052|0.010263157894736842
2019-01-28|0.13522040816326533|0.08248979591836735|0.02477551020408163
2019-01-29|0.13021315789473684|0.07715789473684212|0.03342105263157895
2019-01-30|0.2910285714285714|0.11177142857142856|0.008600000000000002
2019-01-31|0.2651066666666667|0.12099999999999998|0.012733333333333333
2019-02-01|0.22283207547169812|0.09622641509433962|0.002943396226415094
2019-02-02|0.16732222222222223|0.06957407407407407|0.012796296296296295
2019-02-03|0.31226428571428577|0.11532142857142856|0.015750000000000004
2019-02-04|0.278825641025641|0.09735897435897437|0.004205128205128204
2019-02-05|0.2542979166666667|0.11583333333333333|0.01845833333333333
2019-02-06|0.1685115384615385|0.08019230769230769|0.027403846153846154
2019-02-07|0.2619326086956522|0.10021739130434781|0.014978260869565219
2019-02-08|0.11806249999999999|0.071925|0.025525
2019-02-09|0.13446578947368423|0.08494736842105262|0.042368421052631576
2019-02-10|0.24577179487179487|0.10851282051282055|0.015461538461538464
2019-02-11|0.18377714285714292|0.09857142857142857|0.022414285714285713
2019-02-12|0.1752012987012987|0.07957142857142857|0.02161038961038961
2019-02-13|0.22093297872340428|0.09653191489361702|0.021829787234042553
2019-02-14|0.222731914893617|0.10662411347517728|0.006063829787234042
2019-02-15|0.15589873417721511|0.0891898734177215|0.017481012658227844
2019-02-16|0.19677999999999998|0.09734|0.017459999999999996
2019-02-17|0.3159794871794871|0.11984615384615384|0.0038717948717948716
2019-02-18|0.18224939759036132|0.08421686746987952|0.02051807228915662
2019-02-19|0.28657999999999995|0.125925|0.01245
2019-02-20|0.36115777777777774|0.16228888888888887|0.02631111111111111
2019-02-21|0.22193000000000004|0.084125|0.01965
2019-02-22|0.19371041666666666|0.08187499999999999|0.009895833333333333
2019-02-23|0.2908689655172414|0.11106896551724138|0.006965517241379311
2019-02-24|0.2340965517241379|0.10162068965517242|0.010000000000000002
2019-02-25|0.2378346153846153|0.10178846153846154|0.012307692307692308
2019-02-26|0.09821862745098041|0.03733823529411766|0.0062549019607843126
2019-02-27|0.2819260869565218|0.12369565217391303|0.012239130434782608
2019-02-28|0.29190447761194027|0.11544776119402986|0.011432835820895522
2019-03-01|0.2648615384615385|0.11701923076923076|0.014538461538461538
2019-03-02|0.32064583333333335|0.13025000000000003|0.015541666666666667
2019-03-03|0.23516938775510202|0.10428571428571427|0.02736734693877551
2019-03-04|0.2609946428571429|0.11925000000000004|0.01898214285714286
2019-03-05|0.1887754098360655|0.0885409836065574|0.03337704918032787
2019-03-06|0.157328|0.10438|0.06352
2019-03-07|0.1880488372093023|0.11374418604651163|0.034348837209302326
2019-03-08|0.3160810810810811|0.14500000000000005|0.020432432432432434
2019-03-09|0.142351724137931|0.09689655172413794|0.04317241379310345
2019-03-10|0.17951071428571427|0.07985714285714285|0.016678571428571428
2019-03-11|0.21743870967741935|0.11012903225806453|0.023612903225806454
2019-03-12|0.21581176470588237|0.12058823529411766|0.02676470588235294
2019-03-13|0.3026227272727273|0.13204545454545455|0.017136363636363637
2019-03-14|0.31450327868852457|0.13765573770491804|0.012000000000000002
2019-03-15|0.19945263157894738|0.11233333333333334|0.02364912280701754
2019-03-16|0.2637969696969697|0.14796969696969695|0.024909090909090912
2019-03-17|0.3412428571428571|0.14432142857142863|0.008678571428571428
2019-03-18|0.29527666666666674|0.13063333333333335|0.017366666666666666
2019-03-19|0.26866444444444443|0.12771111111111114|0.02468888888888889
2019-03-20|0.29544000000000004|0.11123333333333334|0.011533333333333333
2019-03-21|0.235015625|0.11|0.019875
2019-03-22|0.17896315789473682|0.06584210526315788|0.0064736842105263155
2019-03-23|0.1697269230769231|0.096|0.02
2019-03-24|0.2332|0.10528571428571427|0.031285714285714285
2019-03-25|0.2680538461538461|0.1281730769230769|0.017365384615384616
2019-03-26|0.251938|0.09883999999999998|0.006500000000000001
2019-03-27|0.22676170212765953|0.10659574468085106|0.020212765957446813
2019-03-28|0.27489811320754715|0.12098113207547168|0.0149811320754717
2019-03-29|0.24311250000000004|0.119375|0.017767857142857144
2019-03-30|0.33731363636363637|0.16845454545454544|0.0059545454545454546
2019-03-31|0.3245090909090909|0.15927272727272726|0.026090909090909088
2019-04-01|0.24543902439024387|0.10190243902439027|0.010560975609756098
2019-04-02|0.26546296296296296|0.1164814814814815|0.0026111111111111114
2019-04-03|0.2936982758620689|0.1161896551724138|0.012568965517241381
2019-04-04|0.22802156862745093|0.10464705882352943|0.012058823529411764
2019-04-05|0.1407148148148148|0.07148148148148147|0.02107407407407407
2019-04-06|0.18500000000000003|0.07036363636363636|0.04
2019-04-07|0.34773750000000003|0.14893750000000003|0.012125
2019-04-08|0.3016092105263158|0.11121052631578947|0.007657894736842105
2019-04-09|0.2254730769230769|0.1046025641025641|0.01303846153846154
2019-04-10|0.27104175824175814|0.10983516483516483|0.006824175824175826
2019-04-11|0.2513694117647059|0.10635294117647055|0.006647058823529411
2019-04-12|0.21715747126436788|0.09980459770114943|0.011402298850574711
2019-04-13|0.2190285714285714|0.09066666666666669|0.023666666666666666
2019-04-14|0.3186078947368421|0.147921052631579|0.018157894736842106
2019-04-15|0.28997407407407405|0.11611111111111111|0.014074074074074074
2019-04-16|0.30667301587301593|0.12306349206349203|0.006666666666666667
2019-04-17|0.1902536585365854|0.1009512195121951|0.024731707317073172
2019-04-18|0.2480048780487805|0.11434146341463416|0.01668292682926829
2019-04-19|0.12605357142857146|0.06071428571428572|0.019071428571428573
2019-04-20|0.259904347826087|0.09047826086956522|0.008478260869565218
2019-04-21|0.22029090909090907|0.08627272727272728|0.026
2019-04-22|0.23532499999999998|0.10593750000000002|0.014
2019-04-23|0.2710571428571429|0.12362857142857142|0.024428571428571428
2019-04-24|0.24721200000000004|0.10216000000000001|0.00992
2019-04-25|0.16738928571428577|0.08767857142857143|0.030214285714285714
2019-04-26|0.23261666666666672|0.1233|0.01856666666666667
2019-04-27|0.39420000000000005|0.1401764705882353|0.01338235294117647
2019-04-28|0.5303181818181818|0.1892727272727273|0.0
2019-04-29|0.21941111111111108|0.09892592592592592|0.01622222222222222
2019-04-30|0.25968867924528294|0.12488679245283019|0.009943396226415095
2019-05-01|0.07768529411764706|0.0501764705882353|0.020058823529411764
2019-05-02|0.187|0.09572500000000002|0.016875
2019-05-03|0.12179565217391304|0.051260869565217394|0.002391304347826087
2019-05-04|0.03977000000000003|0.0625|0.053200000000000004
2019-05-05|0.19935|0.08641666666666668|0.021833333333333333
2019-05-06|0.4175243243243242|0.19167567567567573|0.011783783783783782
2019-05-07|0.27696388888888895|0.12019444444444444|0.033555555555555554
2019-05-08|0.27068260869565214|0.11560869565217391|0.007391304347826088
2019-05-09|0.10251153846153843|0.06111538461538462|0.046423076923076914
2019-05-10|0.1538628571428571|0.08917142857142857|0.028457142857142858
2019-05-11|0.17272916666666668|0.07275000000000001|0.015583333333333333
2019-05-12|0.22728260869565214|0.09030434782608696|0.018739130434782612
2019-05-13|0.18704285714285723|0.09177777777777776|0.021507936507936507
2019-05-14|0.32885111111111115|0.11846666666666668|0.004066666666666666
2019-05-15|0.19115344827586206|0.10024137931034481|0.02794827586206897
2019-05-16|0.1885087837837838|0.09123648648648648|0.018770270270270267
2019-05-17|0.36781587301587304|0.12126984126984125|0.002476190476190476
2019-05-18|0.2046|0.0884|0.040433333333333335
2019-05-19|0.23279200000000003|0.0966|0.00484
2019-05-20|0.1665423076923077|0.07575000000000001|0.01425
2019-05-21|0.19622727272727272|0.08587878787878789|0.014606060606060605
2019-05-22|0.1559871794871795|0.07510256410256409|0.025871794871794876
2019-05-23|0.2720666666666666|0.10742857142857144|0.006023809523809524
2019-05-24|0.34815277777777776|0.12519444444444447|0.0016666666666666666
2019-05-25|0.3474461538461538|0.12715384615384615|0.02284615384615385
2019-05-26|0.3286785714285715|0.11985714285714286|0.008642857142857143
2019-05-27|0.22025312499999997|0.07265625000000002|0.00321875
2019-05-28|0.20391290322580644|0.06890322580645161|0.004
2019-05-29|0.25797560975609757|0.10626829268292688|0.011585365853658538
2019-05-30|0.3361843137254901|0.12421568627450981|0.002313725490196078
2019-05-31|0.3090865384615385|0.12051923076923078|0.004961538461538462
2019-06-01|0.5441277777777777|0.2252222222222223|0.003916666666666666
2019-06-02|0.17478888888888885|0.06099999999999999|0.004611111111111111
2019-06-03|0.300192|0.09852|0.014119999999999999
2019-06-04|0.36468809523809514|0.11930952380952377|0.0014761904761904762
2019-06-05|0.20295555555555558|0.07640740740740741|0.007148148148148148
2019-06-06|0.2348|0.0766774193548387|0.020000000000000004
2019-06-07|0.30679599999999996|0.13952|0.030600000000000002
2019-06-08|0.29854375|0.097|0.002875
2019-06-09|0.25050555555555554|0.11172222222222221|0.02
2019-06-10|0.371535294117647|0.1439411764705882|0.01961764705882353
2019-06-11|0.3483586206896552|0.13727586206896555|0.0038793103448275857
2019-06-12|0.2350509090909091|0.10987272727272729|0.030036363636363632
2019-06-13|0.26407441860465114|0.11788372093023258|0.041511627906976746
2019-06-14|0.1501391304347826|0.06715217391304348|0.017282608695652176
2019-06-15|0.27358333333333335|0.11344444444444443|0.028166666666666666
2019-06-16|0.20192|0.09593333333333334|0.015933333333333334
2019-06-17|0.3652739130434782|0.1473695652173913|0.006391304347826087
2019-06-18|0.3152083333333333|0.15708333333333335|0.014333333333333333
2019-06-19|0.21609189189189193|0.07916216216216214|0.00272972972972973
2019-06-20|0.3874714285714285|0.1552857142857143|0.009714285714285715
2019-06-21|0.31824642857142854|0.15521428571428572|0.015857142857142858
2019-06-22|0.33946470588235295|0.13358823529411765|0.017705882352941175
2019-06-23|0.13704285714285716|0.052142857142857144|0.0
2019-06-24|0.22806363636363636|0.0836969696969697|0.0034242424242424243
2019-06-25|0.19005454545454545|0.07569696969696971|0.006454545454545454
2019-06-26|0.2896472222222222|0.16850000000000004|0.013722222222222222
2019-06-27|0.3272212121212121|0.15806060606060604|0.01672727272727273
2019-06-28|0.23336842105263159|0.11557894736842104|0.03242105263157895
2019-06-29|0.08741666666666664|0.05988888888888888|0.026777777777777775
2019-06-30|0.07056190476190477|0.052714285714285714|0.020047619047619047
2019-07-01|0.2685617647058824|0.11691176470588235|0.009147058823529411
2019-07-02|0.17967317073170733|0.09163414634146341|0.013341463414634144
2019-07-03|0.22393333333333335|0.10194444444444445|0.00938888888888889
2019-07-04|0.36703|0.18209999999999998|0.0188
2019-07-05|0.18740714285714288|0.10635714285714286|0.042642857142857135
2019-07-06|0.3775565217391304|0.14191304347826084|0.007826086956521738
2019-07-07|0.34177391304347826|0.11308695652173911|0.008391304347826088
2019-07-08|0.261748|0.1472|0.00768
2019-07-09|0.2872209302325581|0.11388372093023257|0.011232558139534882
2019-07-10|0.228048717948718|0.09125641025641025|0.01317948717948718
2019-07-11|0.27303611111111115|0.10269444444444442|0.008472222222222221
2019-07-12|0.2342944444444444|0.09662962962962963|0.005851851851851852
2019-07-13|0.2510035714285715|0.09467857142857142|0.010357142857142858
2019-07-14|0.16155000000000003|0.06325|0.0
2019-07-15|0.24037105263157899|0.11434210526315791|0.01694736842105263
2019-07-16|0.35971111111111104|0.12644444444444444|0.019333333333333334
2019-07-17|0.32976190476190476|0.17042857142857143|0.024095238095238097
2019-07-18|0.318655|0.11825000000000001|0.00425
2019-07-19|0.31809487179487167|0.12215384615384614|0.008897435897435897
2019-07-20|0.2036529411764706|0.08376470588235294|0.008352941176470589
2019-07-21|0.16167948717948716|0.05435897435897435|0.0
2019-07-22|0.22821|0.08316666666666665|0.0076
2019-07-23|0.29283600000000004|0.11612|0.02252
2019-07-24|0.4319485714285714|0.15854285714285715|0.007628571428571429
2019-07-25|0.21753714285714287|0.07311428571428573|0.010199999999999999
2019-07-26|0.25135|0.1061|0.0
2019-07-27|0.312156|0.1052|0.01672
2019-07-28|0.2627611111111111|0.08911111111111111|0.008888888888888889
2019-07-29|0.2094212765957447|0.09763829787234042|0.0244468085106383
2019-07-30|0.27355625|0.10628125|0.0
2019-07-31|0.21690750000000003|0.11132500000000004|0.03257500000000001
2019-08-01|0.12103365384615392|0.09767307692307692|0.07268269230769232
2019-08-02|0.23251944444444442|0.14034722222222226|0.060708333333333336
2019-08-03|0.14330952380952386|0.11976190476190476|0.06895238095238095
2019-08-04|0.167968|0.13087999999999997|0.06711999999999999
2019-08-05|0.23717333333333335|0.15306666666666663|0.06836666666666667
2019-08-06|0.09493235294117648|0.05691176470588235|0.020558823529411765
2019-08-07|0.19833076923076925|0.09553846153846154|0.030179487179487176
2019-08-08|0.10610303030303031|0.04863636363636364|0.02324242424242424
2019-08-09|0.23436052631578952|0.10910526315789476|0.023736842105263157
2019-08-10|0.15346764705882357|0.08355882352941177|0.020882352941176473
2019-08-11|0.10317894736842105|0.04668421052631579|0.041578947368421056
2019-08-12|0.14577037037037038|0.07100000000000001|0.01551851851851852
2019-08-13|0.151553488372093|0.0872093023255814|0.013813953488372093
2019-08-14|0.05647741935483873|0.0650967741935484|0.031000000000000003
2019-08-15|-0.051696842105263145|0.05196842105263157|0.07947368421052631
2019-08-16|0.032799999999999996|0.07033928571428572|0.05167857142857143
2019-08-17|0.011692857142857149|0.02532142857142857|0.05157142857142857
2019-08-18|0.1433181818181818|0.06940909090909092|0.026318181818181817
2019-08-19|0.15440461538461536|0.0716|0.02246153846153846
2019-08-20|0.19104814814814816|0.09140740740740741|0.014296296296296297
2019-08-21|0.32487567567567566|0.14894594594594593|0.023135135135135133
2019-08-22|0.1442875|0.08293750000000001|0.029187500000000005
2019-08-23|0.22261499999999995|0.08650000000000001|0.014799999999999999
2019-08-24|0.29912413793103454|0.10486206896551722|0.016
2019-08-25|0.14386428571428572|0.07307142857142858|0.0
2019-08-26|0.271|0.10893103448275862|0.023344827586206894
2019-08-27|0.2394945945945946|0.1069189189189189|0.011000000000000001
2019-08-28|0.31645806451612907|0.14596774193548387|0.011774193548387097
2019-08-29|0.38067837837837837|0.1377837837837838|0.005918918918918918
2019-08-30|0.3224825|0.11965|0.013900000000000001
2019-08-31|0.25329583333333333|0.10891666666666668|0.016041666666666666
2019-09-01|0.42953846153846154|0.1616923076923077|0.024923076923076923
2019-09-02|0.3313|0.1177241379310345|0.014482758620689654
2019-09-03|0.23079545454545458|0.11727272727272725|0.03272727272727273
2019-09-04|0.21243888888888893|0.08205555555555558|0.012777777777777779
2019-09-05|0.2023888888888889|0.08561111111111112|0.018388888888888885
2019-09-06|0.2379740740740741|0.11451851851851852|0.008407407407407407
2019-09-07|-0.20603880597014934|0.030671641791044778|0.1004776119402984
2019-09-08|0.11706874999999999|0.06256250000000001|0.041999999999999996
2019-09-09|0.311952|0.11612|0.014159999999999999
2019-09-10|0.31234285714285714|0.1108095238095238|0.011380952380952382
2019-09-11|0.23337826086956517|0.11721739130434783|0.02447826086956522
2019-09-12|0.27749130434782615|0.13717391304347828|0.007739130434782609
2019-09-13|0.18031714285714287|0.07045714285714286|0.010457142857142858
2019-09-14|0.24763333333333334|0.11690476190476189|0.010142857142857143
2019-09-15|0.340565|0.15|0.0
2019-09-16|0.24199411764705878|0.09720588235294117|0.005294117647058823
2019-09-17|0.2701791666666667|0.09495833333333335|0.013375
2019-09-18|0.37118|0.15793333333333334|0.0
2019-09-19|0.24903703703703708|0.10229629629629627|0.008888888888888889
2019-09-20|0.2054571428571429|0.08819999999999999|0.016571428571428574
2019-09-21|0.2581142857142857|0.10750000000000001|0.0016190476190476191
2019-09-22|0.1587705882352941|0.09388235294117646|0.004
2019-09-23|0.333396|0.11224|0.0
2019-09-24|0.2635181818181819|0.10636363636363635|0.007030303030303031
2019-09-25|0.22656363636363636|0.10431818181818181|0.008863636363636363
2019-09-26|0.17948333333333333|0.06012499999999999|0.005791666666666667
2019-09-27|0.24223333333333338|0.10603703703703704|0.006185185185185186
2019-09-28|0.1418142857142857|0.05557142857142856|0.0
2019-09-29|0.23415454545454545|0.0679090909090909|0.015181818181818183
2019-09-30|0.17377666666666672|0.11296666666666667|0.0347
2019-10-01|0.14288499999999998|0.08259999999999999|0.016599999999999997
2019-10-02|0.18009333333333333|0.08803333333333334|0.011500000000000002
2019-10-03|0.3793187499999999|0.1548125|0.014374999999999999
2019-10-04|0.21201874999999998|0.1303125|0.045
2019-10-05|0.20672631578947373|0.08857894736842105|0.006157894736842105
2019-10-06|0.1865|0.07925|0.008875
2019-10-07|0.29329111111111106|0.1346666666666667|0.01588888888888889
2019-10-08|0.3533583333333334|0.16245833333333334|0.025083333333333336
2019-10-09|0.3345333333333333|0.1434666666666667|0.009666666666666667
2019-10-10|0.08088970588235292|0.05576470588235295|0.0295
2019-10-11|0.23247500000000001|0.11503571428571427|0.02453571428571429
2019-10-12|0.24626923076923074|0.10026923076923076|0.0
2019-10-13|0.3465045454545455|0.13177272727272726|0.007363636363636364
2019-10-14|0.2938730769230769|0.12053846153846155|0.005346153846153847
2019-10-15|0.19322380952380955|0.11776190476190476|0.045142857142857144
2019-10-16|0.2507257142857143|0.12117142857142858|0.014542857142857144
2019-10-17|0.2751105263157894|0.11607894736842105|0.0165
2019-10-18|0.35175172413793104|0.18120689655172412|0.011103448275862068
2019-10-19|0.279625|0.12193749999999999|0.0135
2019-10-20|0.2950111111111111|0.11344444444444443|0.0
2019-10-21|0.37145|0.12015384615384615|0.009153846153846153
2019-10-22|0.26456500000000005|0.09559999999999999|0.013500000000000002
2019-10-23|0.30055|0.15933333333333333|0.025083333333333332
2019-10-24|0.31670666666666664|0.10886666666666667|0.012933333333333333
2019-10-25|0.26471666666666666|0.1370833333333333|0.02675
2019-10-26|0.07088666666666667|0.06233333333333334|0.04666666666666666
2019-10-27|0.32396|0.1431|0.0
2019-10-28|0.192221052631579|0.09631578947368422|0.030368421052631576
2019-10-29|0.2996|0.0872857142857143|0.0
2019-10-30|0.19183333333333333|0.08873333333333333|0.005533333333333334
2019-10-31|0.11281000000000001|0.0794|0.0262
2019-11-01|0.1622|0.1035|0.013625
2019-11-02|0.00516|0.008400000000000001|0.0
2019-11-03|-0.07855000000000001|0.0105|0.0175
2019-11-04|0.23244285714285715|0.11592857142857142|0.018285714285714287
2019-11-05|0.4033761904761905|0.1971904761904762|0.025904761904761903
2019-11-06|0.30145333333333324|0.13173333333333334|0.0021333333333333334
2019-11-07|0.1848416666666667|0.09866666666666668|0.005333333333333333
2019-11-08|0.23444285714285718|0.10478571428571427|0.0
2019-11-09|0.4001200000000001|0.1501333333333333|0.0
2019-11-10|0.21838125|0.1496875|0.0375
2019-11-11|0.23489772727272717|0.14056818181818184|0.023
2019-11-12|0.17141904761904764|0.07316666666666667|0.007047619047619047
2019-11-13|0.1853309090909091|0.08769090909090908|0.02143636363636364
2019-11-14|0.20992278481012658|0.12018987341772155|0.031303797468354426
2019-11-15|0.2722176470588235|0.12738235294117647|0.009735294117647057
2019-11-16|0.1509535714285714|0.08571428571428572|0.010142857142857143
2019-11-17|0.25131304347826083|0.11991304347826084|0.02
2019-11-18|0.139978947368421|0.08136842105263158|0.028947368421052635
2019-11-19|0.14427666666666672|0.09576666666666668|0.04763333333333333
2019-11-20|0.23683793103448275|0.12310344827586207|0.02979310344827586
2019-11-21|0.18439166666666665|0.12108333333333336|0.051375
2019-11-22|0.30649130434782607|0.14034782608695653|0.026695652173913044
2019-11-23|0.20045882352941177|0.09494117647058824|0.026235294117647055
2019-11-24|0.26416190476190476|0.11652380952380953|0.0
2019-11-25|0.24714687500000002|0.11740625000000003|0.01828125
2019-11-26|0.39044230769230764|0.15096153846153845|0.005923076923076923
2019-11-27|0.29630666666666666|0.13133333333333333|0.0084
2019-11-28|0.33535000000000004|0.13562500000000002|0.007625
2019-11-29|0.31163529411764707|0.1461764705882353|0.01582352941176471
2019-11-30|0.37137857142857145|0.1300714285714286|0.0
2019-12-01|0.2741|0.1411111111111111|0.02188888888888889
2019-12-02|0.17936666666666665|0.07404166666666666|0.022541666666666665
2019-12-03|0.205025|0.0731875|0.009375
2019-12-04|0.20429230769230772|0.11838461538461538|0.038538461538461535
2019-12-05|0.21261200000000002|0.07604|0.005880000000000001
2019-12-06|0.4066285714285715|0.2007857142857143|0.032785714285714286
2019-12-07|0.17367999999999997|0.10693333333333334|0.03766666666666667
2019-12-08|0.26136|0.1222|0.0
2019-12-09|0.31016666666666665|0.1496|0.013866666666666666
2019-12-10|0.09502272727272727|0.105|0.04531818181818182
2019-12-11|0.30826521739130436|0.11643478260869564|0.0
2019-12-12|0.24698709677419353|0.11096774193548388|0.014516129032258065
2019-12-13|0.15476842105263156|0.06602631578947368|0.005342105263157895
2019-12-14|0.20965833333333336|0.11441666666666667|0.02025
2019-12-15|0.3238454545454546|0.14190909090909093|0.013545454545454545
2019-12-16|0.15292083333333337|0.12850000000000003|0.02025
2019-12-17|0.20039499999999996|0.13585000000000003|0.028449999999999996
2019-12-18|0.18898695652173914|0.09621739130434782|0.0035217391304347826
2019-12-19|0.09910999999999999|0.10275000000000001|0.056600000000000004
2019-12-20|0.2372571428571429|0.106|0.013571428571428571
2019-12-21|0.052885714285714265|0.1442857142857143|0.08971428571428572
2019-12-22|0.31588888888888883|0.09922222222222223|0.037000000000000005
2019-12-23|0.20677142857142858|0.09221428571428572|0.01457142857142857
2019-12-24|0.31390714285714283|0.1465|0.0
2019-12-25|0.36302|0.0968|0.0
2019-12-26|0.25749999999999995|0.08766666666666668|0.0
2019-12-27|0.2853727272727273|0.1430909090909091|0.0
2019-12-28|0.40348000000000006|0.15000000000000002|0.013733333333333332
2019-12-29|0.31248181818181814|0.13663636363636367|0.03972727272727273
2019-12-30|0.1574818181818182|0.07263636363636362|0.011045454545454546
2019-12-31|0.12515294117647058|0.05005882352941177|0.011
2020-01-01|0.12813333333333335|0.05616666666666666|0.0
2020-01-02|0.09428|0.0448|0.004533333333333334
2020-01-03|0.21913333333333337|0.09366666666666668|0.029583333333333333
2020-01-04|-0.021299999999999993|0.035375|0.01475
2020-01-05|0.308675|0.1|0.0
2020-01-06|0.20443333333333336|0.08722222222222223|0.009833333333333333
2020-01-07|0.06695714285714285|0.031607142857142854|0.010624999999999999
2020-01-08|0.01657826086956523|0.08391304347826088|0.1302608695652174
2020-01-09|0.28685999999999995|0.12910000000000002|0.02855
2020-01-10|0.10392222222222224|0.08405555555555556|0.050111111111111106
2020-01-11|0.07974999999999999|0.052583333333333336|0.05725
2020-01-12|0.14271111111111112|0.06472222222222222|0.03133333333333334
2020-01-13|0.12226666666666663|0.0779047619047619|0.028999999999999998
2020-01-14|0.04425294117647059|0.033999999999999996|0.05835294117647059
2020-01-15|0.159365625|0.06609374999999999|0.0028125
2020-01-16|0.21034999999999998|0.1312|0.033133333333333334
2020-01-17|0.14473939393939395|0.09136363636363636|0.02203030303030303
2020-01-18|0.10670500000000001|0.05995|0.05735
2020-01-19|0.27537333333333336|0.11113333333333335|0.0
2020-01-20|0.21384782608695652|0.08626086956521739|0.002217391304347826
2020-01-21|0.27393571428571434|0.11652380952380953|0.006666666666666667
2020-01-22|0.12332903225806453|0.08941935483870968|0.012774193548387098
2020-01-23|0.16566470588235294|0.05520588235294118|0.005617647058823529
2020-01-24|0.2340948717948718|0.12802564102564104|0.01253846153846154
2020-01-25|0.16525555555555554|0.0966111111111111|0.027666666666666666
2020-01-26|0.11007499999999999|0.0825|0.0
2020-01-27|0.16773809523809521|0.08185714285714286|0.009285714285714286
2020-01-28|0.10534166666666667|0.03791666666666666|0.0
2020-01-29|0.24550714285714287|0.09839285714285714|0.03025
2020-01-30|0.20643571428571428|0.08632142857142856|0.012
2020-01-31|0.06641304347826087|0.04813043478260869|0.05439130434782608
2020-02-01|0.17694117647058827|0.11076470588235295|0.05235294117647058
2020-02-02|0.0987875|0.08712500000000001|0.07975
2020-02-03|0.26905357142857145|0.13699999999999998|0.034392857142857135
2020-02-04|0.19798260869565218|0.06778260869565218|0.00582608695652174
2020-02-05|0.14741923076923075|0.059730769230769226|0.0
2020-02-06|0.14894000000000002|0.07753333333333333|0.004533333333333334
2020-02-07|0.16923333333333332|0.09144444444444444|0.016277777777777776
2020-02-08|0.25853333333333334|0.14858333333333335|0.028583333333333336
2020-02-09|-0.0498375|0.0|0.022625
2020-02-10|0.1725275862068966|0.08089655172413793|0.005586206896551723
2020-02-11|0.11562068965517239|0.07372413793103448|0.01586206896551724
2020-02-12|0.22549705882352938|0.09841176470588234|0.02039705882352941
2020-02-13|0.1533845070422535|0.10332394366197185|0.025549295774647887
2020-02-14|0.18090000000000003|0.08866666666666664|0.01093939393939394
2020-02-15|0.09810540540540538|0.061972972972972974|0.0197027027027027
2020-02-16|0.12183913043478262|0.12199999999999998|0.02878260869565217
2020-02-17|0.2078637931034483|0.12791379310344825|0.013241379310344827
2020-02-18|0.2512837209302326|0.12006976744186044|0.01630232558139535
2020-02-19|0.08139655172413794|0.07127586206896552|0.03989655172413793
2020-02-20|0.13562592592592593|0.06125925925925926|0.02096296296296296
2020-02-21|0.20457179487179492|0.11130769230769229|0.02241025641025641
2020-02-22|0.16561304347826086|0.10347826086956521|0.05969565217391303
2020-02-23|0.09097777777777778|0.045888888888888896|0.007888888888888888
2020-02-24|0.19507272727272726|0.09433333333333335|0.02212121212121212
2020-02-25|0.1495125|0.07684375000000002|0.024875
2020-02-26|0.17237391304347827|0.0933478260869565|0.04965217391304348
2020-02-27|0.09428333333333332|0.04716666666666667|0.010566666666666667
2020-02-28|0.05902142857142856|0.08564285714285713|0.05342857142857143
2020-02-29|0.09136521739130435|0.07004347826086957|0.028304347826086956
2020-03-01|0.3095263157894737|0.16505263157894734|0.004578947368421052
2020-03-02|0.19675000000000004|0.10683333333333335|0.01891666666666667
2020-03-03|0.2907098591549297|0.1306619718309859|0.012084507042253521
2020-03-04|0.2689194444444445|0.12825|0.020472222222222225
2020-03-05|0.3334681818181818|0.1431818181818182|0.018000000000000002
2020-03-06|0.24806000000000003|0.1602333333333333|0.018533333333333336
2020-03-07|0.3159272727272727|0.22327272727272732|0.015818181818181818
2020-03-08|0.13966399999999998|0.09359999999999999|0.046239999999999996
2020-03-09|0.21552500000000002|0.12310714285714285|0.038535714285714284
2020-03-10|0.25776956521739136|0.13656521739130434|0.030217391304347824
2020-03-11|0.1571047619047619|0.08600000000000001|0.02866666666666667
2020-03-12|0.2154722222222222|0.10483333333333332|0.03722222222222222
2020-03-13|0.23652916666666665|0.13170833333333334|0.032916666666666664
2020-03-14|0.1427157894736842|0.09321052631578947|0.0856315789473684
2020-03-15|0.09599285714285714|0.07057142857142858|0.10142857142857142
2020-03-16|0.2825782608695652|0.1517826086956522|0.06073913043478261
2020-03-17|0.2892314285714286|0.12814285714285717|0.02674285714285714
2020-03-18|0.16145609756097562|0.08273170731707317|0.040951219512195124
2020-03-19|0.2296566666666666|0.14623333333333335|0.057499999999999996
2020-03-20|0.16137931034482758|0.11713793103448275|0.04927586206896552
2020-03-21|0.1028125|0.080875|0.0305
2020-03-22|0.4094352941176471|0.17211764705882354|0.007411764705882353
2020-03-23|0.20840606060606062|0.09824242424242424|0.03893939393939394
2020-03-24|0.13025862068965519|0.10420689655172415|0.03296551724137931
2020-03-25|0.22742592592592595|0.1064814814814815|0.023407407407407408
2020-03-26|0.37468620689655163|0.12993103448275864|0.004586206896551724
2020-03-27|0.26666428571428574|0.10171428571428572|0.016857142857142855
2020-03-28|0.2925083333333333|0.1415|0.0
2020-03-29|0.20703333333333335|0.08133333333333334|0.014666666666666668
2020-03-30|0.2149846153846154|0.11646153846153845|0.010384615384615384
2020-03-31|0.050447727272727276|0.07672727272727274|0.04702272727272727
