Date|Comp|Positive|Negative
2017-01-01|0.32791383437051197|0.2363877453326946|0.03498563906175199
2017-01-02|0.23547108742004255|0.21569637526652444|0.07525927505330493
2017-01-03|0.29360737958462224|0.23224392399469646|0.04928413610251876
2017-01-04|0.2770301984469374|0.22691975841242432|0.052220017256255365
2017-01-05|0.2716054204011954|0.22574861288945713|0.05372812633376013
2017-01-06|0.30338218588640425|0.23906583476764173|0.04673666092943197
2017-01-07|0.354994810543657|0.2624003294892912|0.03570675453047778
2017-01-08|0.3718990625000009|0.2799911458333326|0.034949999999999995
2017-01-09|0.2983682613768955|0.2558068844807466|0.05953908984830803
2017-01-10|0.40033067141403894|0.29161241098677637|0.037426246185147505
2017-01-11|0.37099157466589083|0.27862056943637525|0.039703079604880905
2017-01-12|0.3723236991241628|0.2675976300875851|0.031719732096857294
2017-01-13|0.37836739130434793|0.2819440993788824|0.04362173913043473
2017-01-14|0.39407195985832366|0.288595631641087|0.03946103896103897
2017-01-15|0.5138105263157895|0.3426842105263158|0.028473684210526318
2017-01-16|0.348375|0.2848|0.07110000000000001
2017-01-17|0.2769684210526316|0.20305263157894735|0.018894736842105263
2017-01-18|0.3592100000000001|0.23045|0.00975
2017-01-19|0.3792150000000001|0.2787|0.010949999999999998
2017-01-20|0.532695|0.3151|0.0056500000000000005
2017-01-21|0.227655|0.23485|0.07815
2017-01-22|0.32911500000000005|0.23245|0.03105
2017-01-23|0.5147315789473684|0.32594736842105265|0.0
2017-01-24|0.53428|0.37965000000000004|0.04385
2017-01-25|0.5491900000000001|0.32060000000000005|0.01655
2017-01-26|0.5156750000000001|0.3146000000000001|0.0
2017-01-27|0.5611050000000001|0.35140000000000005|0.0
2017-01-28|0.44626|0.3486999999999999|0.010249999999999999
2017-01-29|0.50389|0.33819999999999995|0.0050999999999999995
2017-01-30|0.367095|0.26125000000000004|0.033800000000000004
2017-01-31|0.579565|0.3769|0.0208
2017-02-01|0.26983500000000005|0.2171|0.0472
2017-02-02|0.30645|0.22275|0.075
2017-02-03|0.473255|0.34839999999999993|0.040150000000000005
2017-02-04|0.5993299999999999|0.39529999999999993|0.00535
2017-02-05|0.434665|0.33885000000000004|0.044
2017-02-06|0.43850500000000003|0.29615|0.02225
2017-02-07|0.380085|0.24489999999999998|0.027600000000000003
2017-02-08|0.180515|0.15905|0.055349999999999996
2017-02-09|0.46003999999999995|0.3468|0.021249999999999998
2017-02-10|0.382565|0.30895|0.09745000000000001
2017-02-11|0.349205|0.28124999999999994|0.03105
2017-02-12|0.42037499999999994|0.32805|0.045700000000000005
2017-02-13|0.34925|0.3034|0.07725000000000001
2017-02-14|0.4556800000000001|0.25505|0.009600000000000001
2017-02-15|0.20646470588235294|0.2048235294117647|0.04258823529411765
2017-02-16|0.4693578947368422|0.35389473684210526|0.04321052631578948
2017-02-17|0.3616736842105263|0.30452631578947364|0.015157894736842106
2017-02-18|0.31865499999999997|0.24985|0.06365
2017-02-19|0.5690599999999999|0.3023|0.01805
2017-02-20|0.443705|0.32565000000000005|0.05265000000000001
2017-02-21|0.347645|0.2865|0.050949999999999995
2017-02-22|0.27078|0.23769999999999997|0.06345
2017-02-23|0.3309450000000001|0.21024999999999996|0.02585
2017-02-24|0.23524499999999993|0.22315000000000002|0.06520000000000001
2017-02-25|0.25265499999999996|0.2242|0.05225
2017-02-26|0.31863499999999995|0.29364999999999997|0.07955
2017-02-27|0.5126200000000001|0.3066|0.006150000000000001
2017-02-28|0.29499499999999995|0.2218|0.047
2017-03-01|0.35085263157894747|0.2738421052631579|0.056210526315789475
2017-03-02|0.383345|0.2748|0.04095
2017-03-03|0.23376999999999998|0.20085000000000003|0.10945
2017-03-04|0.380925|0.24995000000000003|0.027600000000000003
2017-03-05|0.4924700000000001|0.33045|0.0381
2017-03-06|0.48573500000000003|0.3208|0.017
2017-03-07|0.39517499999999994|0.26080000000000003|0.05765
2017-03-08|0.25734999999999997|0.21525|0.06899999999999999
2017-03-09|0.21811578947368418|0.2073684210526316|0.058
2017-03-10|0.47820526315789474|0.3302631578947369|0.014578947368421054
2017-03-11|0.305665|0.23175000000000004|0.05225
2017-03-12|0.3231861884009387|0.2448595373784791|0.0499466979550787
2017-03-13|0.3397193537859|0.2475483028720635|0.032555809399477824
2017-03-14|0.3233312751677859|0.2503939597315447|0.047164093959731576
2017-03-15|0.2962640092879256|0.23219195046439678|0.045505804953560394
2017-03-16|0.3397530207989432|0.24682238362495923|0.03818091779465172
2017-03-17|0.3515580896686138|0.24757927225471157|0.03917933723196885
2017-03-18|0.35185228231683796|0.25904602991944786|0.046095895665515974
2017-03-19|0.3193008153281685|0.24400652262535727|0.04917244190786794
2017-03-20|0.30311454998221254|0.23400035574528721|0.04624083955887589
2017-03-21|0.309740792704314|0.23164608909154774|0.04233251490705018
2017-03-22|0.3184888536155193|0.23853439153439182|0.04148395061728405
2017-03-23|0.32157876039304456|0.23441194255480077|0.04204157218442938
2017-03-24|0.3257459262261844|0.24192055127685563|0.041717470612079484
2017-03-25|0.3042119595959591|0.23429010101010186|0.043068686868686853
2017-03-26|0.43328633093525143|0.28394244604316565|0.021863309352517984
2017-03-27|0.3853626582278478|0.2622531645569621|0.030968354430379753
2017-03-28|0.28675423076923084|0.23894999999999983|0.05115
2017-03-29|0.33072116402116414|0.24874603174603185|0.041058201058201065
2017-03-30|0.2713558375634518|0.21498477157360407|0.05109137055837564
2017-03-31|0.30504537815126015|0.24289075630252088|0.053815126050420166
2017-04-01|0.32566051660516604|0.23161623616236152|0.042977859778597784
2017-04-02|0.1911684210526316|0.16484210526315793|0.06342105263157895
2017-04-03|0.30449500000000007|0.20465|0.08940000000000001
2017-04-04|0.18031499999999998|0.19449999999999998|0.06955
2017-04-05|0.45466111111111107|0.27|0.013388888888888888
2017-04-06|0.33374|0.22955|0.08954999999999999
2017-04-07|0.375535|0.25195|0.0201
2017-04-08|0.3835499999999999|0.29910000000000003|0.06835000000000001
2017-04-09|0.38919230769230767|0.23546153846153842|0.009
2017-04-10|0.18764|0.14579999999999999|0.02615
2017-04-11|0.38801578947368415|0.2496842105263158|0.026578947368421053
2017-04-12|0.33279500000000006|0.2284|0.026000000000000002
2017-04-13|0.43857|0.29335|0.037899999999999996
2017-04-14|0.302345|0.22045000000000003|0.07669999999999999
2017-04-15|0.43379499999999993|0.27659999999999996|0.045649999999999996
2017-04-16|0.31592|0.2779|0.06860000000000001
2017-04-17|0.32242000000000004|0.22115|0.03749999999999999
2017-04-18|0.21266500000000005|0.1597|0.0366
2017-04-19|0.22157|0.1751|0.0566
2017-04-20|0.193115|0.17055|0.0759
2017-04-21|0.29654|0.20329999999999998|0.02715
2017-04-22|0.27202631578947367|0.23457894736842105|0.04373684210526316
2017-04-23|0.2965483720930234|0.2261730232558144|0.04605395348837215
2017-04-24|0.3087936070928596|0.22942463835744323|0.042728884741017256
2017-04-25|0.3124760233918119|0.2330733652312602|0.04294471026049975
2017-04-26|0.3556072791164704|0.2561179718875518|0.025893574297188773
2017-04-27|0.2803590840463004|0.2161087065928538|0.036793155510820345
2017-04-28|0.28813933948518694|0.2236658572122391|0.04731762991743558
2017-04-29|0.27696775818639696|0.22155969773299783|0.04462216624685135
2017-04-30|0.33784210526315794|0.21636842105263157|0.012368421052631579
2017-05-01|0.2369050000000001|0.1951000000000001|0.07085000000000001
2017-05-02|0.35830000000000006|0.25325000000000003|0.008749999999999999
2017-05-03|0.36095|0.27749999999999997|0.024399999999999998
2017-05-04|0.40505|0.25185|0.02755
2017-05-05|0.417755|0.2726|0.020149999999999998
2017-05-06|0.24673499999999998|0.23815|0.10045
2017-05-07|0.47639499999999996|0.3372|0.026850000000000002
2017-05-08|0.29025500000000004|0.23614999999999992|0.0109
2017-05-09|0.29590999999999995|0.23375000000000004|0.047299999999999995
2017-05-10|0.24747|0.18465|0.017499999999999998
2017-05-11|0.395235|0.29045|0.021149999999999995
2017-05-12|0.257845|0.18380000000000002|0.0417
2017-05-13|0.40585499999999997|0.34540000000000004|0.052349999999999994
2017-05-14|0.3372862869198309|0.2532540084388179|0.03840168776371309
2017-05-15|0.32647811435062596|0.24744945096554313|0.03668269594850438
2017-05-16|0.2708926885880079|0.2140088974854923|0.03753230174081239
2017-05-17|0.3263173547400619|0.2552045107033632|0.03400535168195719
2017-05-18|0.2792194842406887|0.22467662709782973|0.04505321326238234
2017-05-19|0.2883905767056164|0.2228171880889554|0.038162834526950594
2017-05-20|0.3294620576131688|0.24525020576131662|0.02985514403292181
2017-05-21|0.32397571569595257|0.2426169792694955|0.0323593287265548
2017-05-22|0.13316042726347913|0.15487385554425223|0.07628484231943011
2017-05-23|0.22625972828723953|0.19628869480834582|0.056099951479864164
2017-05-24|0.22866375690607793|0.1971795580110497|0.05741160220994474
2017-05-25|0.2939445115810675|0.22617321248741182|0.04158912386706946
2017-05-26|0.26437197969543225|0.2098345177664976|0.04100710659898479
2017-05-27|0.28869256920835407|0.2226983972802324|0.03530645944633317
2017-05-28|0.22599500000000003|0.23840000000000003|0.12195
2017-05-29|0.373395|0.2536|0.019649999999999997
2017-05-30|0.20848999999999998|0.16419999999999998|0.04475
2017-05-31|0.32659000000000005|0.22345|0.019450000000000002
2017-06-01|0.2726684210526316|0.19878947368421052|0.011842105263157895
2017-06-02|0.285535|0.23074999999999993|0.06255
2017-06-03|0.10844499999999997|0.15944999999999998|0.05915
2017-06-04|0.292415|0.18165000000000003|0.03175
2017-06-05|0.5531949999999999|0.3568|0.00835
2017-06-06|0.351185|0.2371|0.017499999999999998
2017-06-07|0.276815|0.25389999999999996|0.04825
2017-06-08|0.38851578947368415|0.27473684210526317|0.03836842105263158
2017-06-09|0.255315|0.192|0.045950000000000005
2017-06-10|0.32510999999999995|0.26275000000000004|0.02955
2017-06-11|0.389815|0.23945|0.0111
2017-06-12|0.44358499999999995|0.3027|0.008450000000000001
2017-06-13|0.356005|0.2718999999999999|0.036950000000000004
2017-06-14|0.22349000000000002|0.19480000000000003|0.057950000000000015
2017-06-15|0.33276|0.27249999999999996|0.04065
2017-06-16|0.21664|0.20249999999999999|0.08034999999999999
2017-06-17|0.372065|0.2546|0.03275
2017-06-18|0.22770000000000004|0.22336842105263158|0.0538421052631579
2017-06-19|0.41256000000000004|0.28355|0.015449999999999997
2017-06-20|0.3794444444444444|0.2952222222222222|0.07016666666666667
2017-06-21|0.200775|0.17629999999999998|0.06559999999999999
2017-06-22|0.41139000000000003|0.30675|0.00555
2017-06-23|0.23815000000000003|0.1895|0.059399999999999994
2017-06-24|0.36736|0.28395000000000004|0.04964999999999999
2017-06-25|0.24668|0.19424999999999995|0.016649999999999998
2017-06-26|0.45394736842105265|0.2856315789473684|0.02668421052631579
2017-06-27|0.5619050000000001|0.3396|0.00605
2017-06-28|0.304145|0.22800000000000004|0.0392
2017-06-29|0.32791499999999996|0.25405|0.03025
2017-06-30|0.417795|0.28104999999999997|0.0336
2017-07-01|0.283005|0.24984999999999996|0.09345
2017-07-02|0.3052491715399605|0.22735038986354658|0.03235721247563352
2017-07-03|0.31715105846774244|0.23573135080645108|0.035442036290322596
2017-07-04|0.3697820707070706|0.2621853535353532|0.030287878787878784
2017-07-05|0.31436163186012583|0.229743079164643|0.029302088392423518
2017-07-06|0.3014410270270269|0.22307891891891854|0.04702162162162173
2017-07-07|0.31083241252302046|0.2256873848987104|0.03821639042357277
2017-07-08|0.31554001019367944|0.23055708460754346|0.03738277268093783
2017-07-09|0.30092037875669053|0.222566899958831|0.03734129271305065
2017-07-10|0.2783352855051253|0.21394692532942972|0.04387408491947293
2017-07-11|0.2788663821892405|0.20196474953617854|0.03021113172541744
2017-07-12|0.2318940712945588|0.16809943714821765|0.03138686679174488
2017-07-13|0.26259439862543044|0.1982800687285226|0.0333848797250859
2017-07-14|0.2802899410464252|0.21003721444362564|0.03972439204126747
2017-07-15|0.32156398666172686|0.2363360503890333|0.04036383845868839
2017-07-16|0.33045052770448574|0.2352836411609498|0.0370580474934037
2017-07-17|0.18810694748358864|0.16518107221006517|0.08556728665207876
2017-07-18|0.23840543209876539|0.19118395061728355|0.05080555555555556
2017-07-19|0.23480540393013102|0.19726637554585127|0.058804039301310014
2017-07-20|0.3226648357870889|0.2373142695356739|0.039416761041902615
2017-07-21|0.2638800805987331|0.20584398388025293|0.051876223373632735
2017-07-22|0.2668484261501219|0.20739527845036282|0.044706416464891034
2017-07-23|0.26303|0.2393|0.06434999999999999
2017-07-24|0.4377999999999999|0.3137|0.00545
2017-07-25|0.10466|0.1735|0.10819999999999999
2017-07-26|0.38514736842105257|0.25015789473684213|0.013210526315789473
2017-07-27|0.2708|0.25944999999999996|0.07810000000000002
2017-07-28|0.38064999999999993|0.2354|0.02865
2017-07-29|0.203|0.17415|0.05515
2017-07-30|0.20568|0.16429999999999997|0.046049999999999994
2017-07-31|0.454565|0.3252|0.02135
2017-08-01|0.20175|0.20945000000000005|0.09845000000000001
2017-08-02|0.17391|0.20265|0.0758
2017-08-03|0.29530000000000006|0.19980000000000003|0.038
2017-08-04|0.24600500000000003|0.1593|0.0241
2017-08-05|0.12973|0.14909999999999998|0.05894999999999999
2017-08-06|0.33266499999999993|0.24224999999999994|0.06044999999999999
2017-08-07|0.22842631578947376|0.2311578947368421|0.06826315789473685
2017-08-08|0.26248499999999997|0.21115|0.048549999999999996
2017-08-09|0.2946583333333333|0.23233333333333336|0.034916666666666665
2017-08-10|0.27377|0.19935|0.0037000000000000006
2017-08-11|0.4422052631578947|0.29078947368421054|0.011894736842105262
2017-08-12|0.36921500000000007|0.2384|0.013500000000000002
2017-08-13|0.24146|0.1961|0.0267
2017-08-14|0.37465882352941177|0.2846470588235294|0.03205882352941176
2017-08-15|0.28575263157894737|0.23873684210526314|0.020052631578947367
2017-08-16|-0.059840000000000004|0.11540000000000002|0.12045000000000002
2017-08-17|0.31059499999999995|0.22240000000000001|0.057499999999999996
2017-08-18|0.32414|0.23490000000000003|0.05115000000000001
2017-08-19|0.18614000000000003|0.2612|0.11905000000000002
2017-08-20|0.29042|0.21174999999999997|0.04335
2017-08-21|-0.037129999999999996|0.1703|0.1716
2017-08-22|0.3171368421052631|0.2411052631578947|0.03731578947368421
2017-08-23|0.27863157894736845|0.20115789473684212|0.024421052631578944
2017-08-24|0.302945|0.26979999999999993|0.05195000000000001
2017-08-25|0.282145|0.24054999999999996|0.04435
2017-08-26|0.03636999999999999|0.1117|0.07200000000000001
2017-08-27|0.18440000000000004|0.1851|0.07645
2017-08-28|0.219921052631579|0.18263157894736842|0.009052631578947368
2017-08-29|0.340235|0.25054999999999994|0.0518
2017-08-30|0.15092500000000003|0.18870000000000003|0.09419999999999999
2017-08-31|0.30244499999999996|0.18839999999999998|0.0205
2017-09-01|0.3291105263157895|0.21042105263157893|0.04521052631578947
2017-09-02|0.21342500000000003|0.19085000000000002|0.0641
2017-09-03|0.29802000000000006|0.21415|0.027600000000000003
2017-09-04|0.2685736842105263|0.21347368421052632|0.04236842105263158
2017-09-05|0.39573500000000006|0.24430000000000004|0.013900000000000001
2017-09-06|0.21521000000000004|0.18810000000000002|0.021400000000000002
2017-09-07|0.34273000000000003|0.24279999999999996|0.028100000000000003
2017-09-08|0.37391499999999994|0.26444999999999996|0.02315
2017-09-09|0.386015|0.20799999999999996|0.0
2017-09-10|0.31559000000000004|0.24074999999999996|0.01785
2017-09-11|0.25121999999999994|0.1994|0.026949999999999995
2017-09-12|0.19646500000000006|0.18660000000000002|0.050550000000000005
2017-09-13|0.17362500000000003|0.17375000000000002|0.05465
2017-09-14|0.296742105263158|0.20442105263157898|0.006473684210526316
2017-09-15|0.30437000000000003|0.23835|0.023549999999999998
2017-09-16|0.45333500000000004|0.28305|0.006849999999999999
2017-09-17|0.42736999999999997|0.2541|0.0023
2017-09-18|0.16041000000000005|0.14265|0.03485
2017-09-19|0.22952500000000003|0.14675|0.02085
2017-09-20|0.2476300000000001|0.22250000000000006|0.023
2017-09-21|0.204185|0.20140000000000002|0.07055
2017-09-22|0.37808499999999995|0.23525000000000001|0.0181
2017-09-23|0.2943263157894737|0.2079473684210526|0.04526315789473684
2017-09-24|0.38769473684210526|0.24305263157894733|0.05352631578947368
2017-09-25|0.32350499999999993|0.22955|0.0335
2017-09-26|0.17471000000000003|0.1563|0.0353
2017-09-27|0.25591|0.23164999999999997|0.03415
2017-09-28|0.293925|0.20805|0.05840000000000001
2017-09-29|0.20729999999999998|0.1569|0.010150000000000001
2017-09-30|0.25942000000000004|0.24374999999999997|0.05960000000000001
2017-10-01|0.37800500000000004|0.253|0.026049999999999997
2017-10-02|0.31059473684210526|0.20610526315789476|0.023473684210526317
2017-10-03|0.23814000000000002|0.18155000000000002|0.08475
2017-10-04|0.384165|0.27605|0.013000000000000001
2017-10-05|0.24209|0.20715|0.054849999999999996
2017-10-06|0.28571|0.21084999999999998|0.01775
2017-10-07|0.30678500000000003|0.20765000000000003|0.01585
2017-10-08|0.22175000000000006|0.15965|0.02335
2017-10-09|0.29687894736842113|0.1986315789473684|0.017368421052631578
2017-10-10|0.39521|0.2778|0.0703
2017-10-11|0.35444000000000003|0.22154999999999997|0.017550000000000003
2017-10-12|0.37168499999999993|0.2738|0.03925
2017-10-13|0.33513000000000004|0.24829999999999997|0.01335
2017-10-14|0.47921500000000006|0.3274|0.019399999999999997
2017-10-15|0.2844650000000001|0.19985000000000003|0.045950000000000005
2017-10-16|0.32902500000000007|0.229|0.02595
2017-10-17|0.409945|0.2627|0.01495
2017-10-18|0.36117499999999997|0.2638999999999999|0.016649999999999998
2017-10-19|0.37513500000000005|0.27129999999999993|0.0316
2017-10-20|0.32616500000000004|0.19825|0.0055
2017-10-21|0.4369300000000001|0.29024999999999995|0.009949999999999999
2017-10-22|0.305835|0.20905|0.0171
2017-10-23|0.4196842105263158|0.23031578947368422|0.004105263157894737
2017-10-24|0.4716050000000001|0.2632|0.014249999999999999
2017-10-25|0.526565|0.33499999999999996|0.0233
2017-10-26|0.31018|0.17419999999999997|0.0205
2017-10-27|0.38171000000000005|0.22605|0.04415
2017-10-28|0.26005|0.18435|0.028800000000000003
2017-10-29|0.29576282973621243|0.21224300559552334|0.03202278177458032
2017-10-30|0.2841771084337355|0.22194931449937685|0.04271208973826337
2017-10-31|0.3097255740300888|0.21775851148060196|0.03153721298495654
2017-11-01|0.31282617264485396|0.21373985021679218|0.03187583760346863
2017-11-02|0.3130494450822795|0.2223543819364723|0.04243513203214693
2017-11-03|0.30669859703818836|0.22846180826188608|0.04433359314107561
2017-11-04|0.2968253333333327|0.2118995555555554|0.04257111111111116
2017-11-05|0.3288344608879479|0.22634319943622289|0.04049048625792809
2017-11-06|0.2906326752893122|0.20424302246426138|0.04606943498978899
2017-11-07|0.3215060773480657|0.22324792817679615|0.039734116022099454
2017-11-08|0.2693050095117309|0.18557831325301172|0.035496512365250456
2017-11-09|0.35567020232985735|0.24914408338442756|0.04928755364806871
2017-11-10|0.27353894139886537|0.19256836798991794|0.04570132325141772
2017-11-11|0.3760585365853646|0.24299581881533078|0.03680069686411146
2017-11-12|0.6229399999999999|0.3389|0.008400000000000001
2017-11-13|0.27071500000000004|0.22255000000000003|0.06345
2017-11-14|0.4628749999999999|0.27380000000000004|0.0191
2017-11-15|0.380495|0.24830000000000002|0.0375
2017-11-16|0.2657941176470588|0.1958235294117647|0.018823529411764708
2017-11-17|0.32587|0.21644999999999998|0.060450000000000004
2017-11-18|0.58917|0.33875|0.01445
2017-11-19|0.4050611111111111|0.3253333333333333|0.02588888888888889
2017-11-20|0.38155999999999995|0.2795000000000001|0.03375
2017-11-21|0.32628|0.19465|0.026499999999999996
2017-11-22|0.32216999999999996|0.2023|0.046950000000000006
2017-11-23|0.14472|0.16944999999999996|0.0675
2017-11-24|0.33961|0.22929999999999998|0.04205
2017-11-25|0.4844899999999999|0.31484999999999996|0.014599999999999998
2017-11-26|0.53|0.2874|0.01745
2017-11-27|0.309885|0.19774999999999998|0.03924999999999999
2017-11-28|0.324055|0.22820000000000001|0.0762
2017-11-29|0.45257000000000003|0.28815|0.024149999999999998
2017-11-30|0.39056499999999994|0.25294999999999995|0.02645
2017-12-01|0.3690263157894737|0.21252631578947365|0.02163157894736842
2017-12-02|0.397455|0.23725000000000004|0.017
2017-12-03|0.2198684210526316|0.22210526315789472|0.12010526315789474
2017-12-04|0.4253263157894737|0.23952631578947364|0.014736842105263156
2017-12-05|0.28966|0.24545|0.0722
2017-12-06|0.47113684210526313|0.249|0.029263157894736838
2017-12-07|0.4727449999999999|0.26454999999999995|0.0167
2017-12-08|0.21906499999999998|0.20749999999999996|0.09620000000000001
2017-12-09|0.5141631578947369|0.30157894736842106|0.04426315789473684
2017-12-10|0.4829549999999999|0.2447|0.0324
2017-12-11|0.40414500000000003|0.263|0.04875
2017-12-12|0.23154000000000002|0.21505000000000002|0.12515
2017-12-13|0.405405|0.2608500000000001|0.03015
2017-12-14|0.2775947368421052|0.16910526315789473|0.008842105263157896
2017-12-15|0.13104444444444444|0.18755555555555556|0.09955555555555556
2017-12-16|0.27602631578947373|0.20621052631578946|0.041578947368421056
2017-12-17|0.361515|0.22329999999999992|0.046150000000000004
2017-12-18|0.2898|0.2017777777777778|0.04844444444444444
2017-12-19|0.162445|0.21140000000000003|0.0752
2017-12-20|0.24613500000000005|0.1755|0.04279999999999999
2017-12-21|0.374945|0.22155|0.041800000000000004
2017-12-22|0.39007368421052635|0.24000000000000002|0.04673684210526316
2017-12-23|0.28346|0.18994999999999998|0.0566
2017-12-24|0.19088499999999997|0.12874999999999998|0.05565
2017-12-25|0.30941052631578947|0.24415789473684213|0.05931578947368421
2017-12-26|0.266405|0.22244999999999998|0.09309999999999999
2017-12-27|0.12801|0.12819999999999998|0.05625
2017-12-28|0.406915|0.25359999999999994|0.03505
2017-12-29|0.19460000000000005|0.2372631578947368|0.09889473684210526
2017-12-30|0.48459473684210536|0.3077894736842105|0.06078947368421052
2017-12-31|0.40729000000000004|0.2771|0.05565
2018-01-01|0.26092999999999994|0.21115|0.0475
2018-01-02|0.22984|0.14589999999999997|0.04375
2018-01-03|0.230145|0.1653|0.0169
2018-01-04|0.42662500000000003|0.23529999999999998|0.03874999999999999
2018-01-05|0.384805|0.30685000000000007|0.08404999999999999
2018-01-06|0.34825263157894737|0.23094736842105262|0.089
2018-01-07|0.3951947368421052|0.24257894736842106|0.10089473684210527
2018-01-08|0.4034125|0.26325|0.038125000000000006
2018-01-09|0.2947444444444444|0.23716666666666666|0.07405555555555556
2018-01-10|0.44207|0.29255|0.03715
2018-01-11|0.3052055555555555|0.19516666666666665|0.042277777777777775
2018-01-12|0.2591315789473684|0.1441052631578947|0.02526315789473685
2018-01-13|0.39266999999999996|0.29400000000000004|0.036550000000000006
2018-01-14|0.5228058823529411|0.27670588235294113|0.020705882352941175
2018-01-15|0.42601500000000003|0.22949999999999998|0.0213
2018-01-16|0.23488000000000003|0.1681|0.041749999999999995
2018-01-17|0.4504149999999999|0.2623|0.039599999999999996
2018-01-18|0.377455|0.24315000000000003|0.027700000000000002
2018-01-19|0.13449999999999998|0.1193684210526316|0.058894736842105264
2018-01-20|0.5944949999999999|0.3344|0.05295
2018-01-21|0.5600625|0.24962499999999999|0.00875
2018-01-22|0.40431999999999996|0.25245|0.016999999999999998
2018-01-23|0.35083500000000006|0.24204999999999996|0.0517
2018-01-24|0.43839000000000006|0.30504999999999993|0.07255
2018-01-25|0.5207888888888887|0.30033333333333334|0.03388888888888889
2018-01-26|0.40415|0.2266|0.03665
2018-01-27|0.406165|0.24230000000000002|0.039049999999999994
2018-01-28|0.48819|0.32504999999999995|0.0261
2018-01-29|0.4067550000000001|0.29084999999999994|0.058699999999999995
2018-01-30|0.4866950000000001|0.29179999999999995|0.02585
2018-01-31|0.194865|0.16185|0.0749
2018-02-01|0.351365|0.26135|0.05515
2018-02-02|0.5536300000000001|0.37239999999999995|0.0598
2018-02-03|0.36788999999999994|0.27059999999999995|0.054849999999999996
2018-02-04|0.5538470588235295|0.2855882352941177|0.04288235294117647
2018-02-05|0.37587500000000007|0.22155|0.0353
2018-02-06|0.3596947368421053|0.22073684210526315|0.0648421052631579
2018-02-07|0.33349000000000006|0.22349999999999998|0.09145
2018-02-08|0.4822307692307692|0.28656410256410253|0.04076923076923078
2018-02-09|0.39032142857142843|0.2433392857142857|0.04644642857142857
2018-02-10|0.04783157894736844|0.12247368421052632|0.09252631578947369
2018-02-11|0.3530299728752242|0.23696383363472115|0.05210849909584074
2018-02-12|0.3380061224489786|0.2196013370865596|0.042502111189303284
2018-02-13|0.37266365348399066|0.2490097928436919|0.050078719397363414
2018-02-14|0.39520147951441464|0.25115098634294525|0.04316160849772381
2018-02-15|0.35497360335195494|0.22645775139664936|0.03768854748603352
2018-02-16|0.29608622837369986|0.2140775086505198|0.05581591695501728
2018-02-17|0.31224291354125394|0.22206711409396027|0.05164508487958942
2018-02-18|0.36634399234083176|0.24149210148396422|0.04281761608425074
2018-02-19|0.3742733091239206|0.24117975487971036|0.0427970948706309
2018-02-20|0.3558264406779674|0.22994188861985546|0.04627070217917675
2018-02-21|0.3833087749782837|0.23245091225021738|0.04020764552562983
2018-02-22|0.36268821292775555|0.24435318969159417|0.04835994930291508
2018-02-23|0.3615582936129636|0.24329122974261147|0.05544756911344132
2018-02-24|0.35806293359762004|0.2395906838453921|0.04937908820614465
2018-02-25|0.3615050000000001|0.21230000000000002|0.054099999999999995
2018-02-26|0.6262157894736842|0.3613157894736842|0.007684210526315789
2018-02-27|0.44559473684210527|0.2833684210526316|0.022842105263157896
2018-02-28|0.44526000000000004|0.2828|0.04365000000000001
2018-03-01|0.53142|0.3234|0.0508
2018-03-02|0.29432|0.21105000000000002|0.07680000000000001
2018-03-03|0.18449500000000002|0.23434999999999997|0.11535
2018-03-04|0.50518|0.27490000000000003|0.029650000000000003
2018-03-05|0.18027|0.22089999999999996|0.09605000000000001
2018-03-06|0.37382631578947373|0.2332631578947368|0.018105263157894735
2018-03-07|0.24545000000000003|0.20815000000000006|0.05465
2018-03-08|0.08103157894736844|0.16136842105263158|0.0861578947368421
2018-03-09|0.29812999999999995|0.19644999999999999|0.08339999999999999
2018-03-10|0.33724499999999996|0.22895|0.050350000000000006
2018-03-11|0.4692200000000001|0.2879|0.0375
2018-03-12|0.3216823529411765|0.20817647058823532|0.029941176470588228
2018-03-13|0.26873500000000006|0.18864999999999998|0.04535
2018-03-14|0.36961000000000005|0.23919999999999994|0.05665
2018-03-15|0.3726315789473685|0.17352631578947367|0.020052631578947367
2018-03-16|0.21503|0.12735000000000002|0.07415000000000001
2018-03-17|0.3261900000000001|0.15565|0.0298
2018-03-18|0.2745166666666667|0.1738888888888889|0.030111111111111113
2018-03-19|0.009500000000000003|0.12980000000000003|0.11825000000000001
2018-03-20|0.23058500000000004|0.14820000000000003|0.05794999999999999
2018-03-21|0.24480999999999997|0.15899999999999997|0.061450000000000005
2018-03-22|0.31489|0.2015|0.043
2018-03-23|0.3021842105263158|0.19847368421052627|0.08031578947368422
2018-03-24|0.23298500000000005|0.20860000000000004|0.0787
2018-03-25|0.32806500000000005|0.21149999999999997|0.059
2018-03-26|0.43406500000000003|0.28300000000000003|0.047049999999999995
2018-03-27|0.298715|0.18095|0.0625
2018-03-28|0.36986842105263157|0.2578947368421053|0.05778947368421053
2018-03-29|0.18258000000000002|0.17470000000000002|0.12090000000000001
2018-03-30|0.439955|0.27005|0.04684999999999999
2018-03-31|0.44051999999999997|0.2537|0.05595
2018-04-01|0.35485124640460075|0.2300019175455412|0.05054841802492806
2018-04-02|0.3269319514661257|0.21467896865520594|0.05277755308392318
2018-04-03|0.3309047968397284|0.2175208803611734|0.05458747178329563
2018-04-04|0.2962160156249999|0.2041824776785707|0.060958705357142935
2018-04-05|0.31568366972477|0.21169862385321075|0.058360550458715604
2018-04-06|0.3204961416250569|0.22108216068996817|0.054585565138447534
2018-04-07|0.3209177442877965|0.2115313563441906|0.04954691298006805
2018-04-08|0.3789333333333334|0.23172222222222225|0.06405555555555556
2018-04-09|0.3859578947368421|0.20594736842105263|0.041736842105263156
2018-04-10|0.486345|0.31329999999999997|0.0334
2018-04-11|0.3047842105263158|0.20084210526315788|0.014157894736842105
2018-04-12|0.38192941176470585|0.2681764705882353|0.08305882352941175
2018-04-13|0.45550500000000016|0.22480000000000003|0.027800000000000002
2018-04-14|0.29693|0.21810000000000002|0.07825000000000001
2018-04-15|0.441257894736842|0.26752631578947367|0.03878947368421053
2018-04-16|0.45298|0.2667|0.04055
2018-04-17|0.140685|0.15130000000000005|0.0314
2018-04-18|0.49171578947368416|0.27589473684210525|0.016105263157894737
2018-04-19|0.40751499999999996|0.22084999999999994|0.035350000000000006
2018-04-20|0.41381052631578946|0.29036842105263155|0.06342105263157895
2018-04-21|0.4181941176470589|0.28417647058823525|0.019411764705882354
2018-04-22|0.34089192695819226|0.21765112926477598|0.04906006727534843
2018-04-23|0.31573080844865176|0.20133758193736292|0.05245884923525119
2018-04-24|0.29931143048128417|0.20300701871657764|0.06179411764705886
2018-04-25|0.21712337357478156|0.19138631790744512|0.08250167672702904
2018-04-26|0.1800242413910664|0.170145584725537|0.0780842141152406
2018-04-27|0.27164343434343324|0.19420670995671008|0.056025613275613284
2018-04-28|0.3024843962008133|0.206486657620986|0.05130257801899594
2018-04-29|0.34108880126183|0.21593375394321765|0.04365930599369084
2018-04-30|0.3639510627530356|0.22927732793522243|0.0463977732793522
2018-05-01|0.31494416711882667|0.20608030385241383|0.04833206728160612
2018-05-02|0.3280033029612748|0.20541287015945345|0.048453872437357624
2018-05-03|0.31637422802850373|0.2041460807600946|0.050505344418052274
2018-05-04|0.28762913179916266|0.1922510460251041|0.05483525104602511
2018-05-05|0.3268105037513397|0.21432475884244334|0.05270042872454446
2018-05-06|0.24227777777777781|0.15444444444444447|0.04244444444444445
2018-05-07|0.21989999999999998|0.14670000000000002|0.07765
2018-05-08|0.47614|0.22664999999999996|0.0144
2018-05-09|0.3675|0.22436842105263158|0.042631578947368416
2018-05-10|0.39685|0.22225|0.035699999999999996
2018-05-11|0.4684388888888889|0.2552777777777778|0.015111111111111112
2018-05-12|0.36456000000000005|0.1779|0.01315
2018-05-13|0.382265|0.24465000000000003|0.047099999999999996
2018-05-14|0.458055|0.25655|0.020950000000000003
2018-05-15|0.31559000000000004|0.23769999999999997|0.07575000000000001
2018-05-16|0.28457999999999994|0.22389999999999993|0.08075000000000002
2018-05-17|0.34809000000000007|0.21235000000000004|0.01205
2018-05-18|0.27826000000000006|0.17845000000000003|0.0479
2018-05-19|0.47439|0.26464999999999994|0.0
2018-05-20|0.3051058139534882|0.2021090116279072|0.042485465116279056
2018-05-21|0.28950249999999866|0.20462448979591796|0.05112397959183674
2018-05-22|0.26764602615694105|0.19219164989939633|0.06079929577464778
2018-05-23|0.32003585476550545|0.22346041351487686|0.05695511850731214
2018-05-24|0.29040496957403383|0.1992728194726166|0.057465010141987884
2018-05-25|0.2952137014314923|0.19992331288343557|0.04893609406952965
2018-05-26|0.3374239757914342|0.22244180633147126|0.04674394785847299
2018-05-27|0.2459|0.17957894736842106|0.05168421052631579
2018-05-28|0.4795203389830507|0.27388135593220336|0.02322033898305085
2018-05-29|0.31540500000000005|0.24209999999999993|0.07755
2018-05-30|0.3015799999999999|0.23244999999999996|0.052000000000000005
2018-05-31|0.3066084745762711|0.24110169491525427|0.056999999999999995
2018-06-01|0.02788333333333333|0.13561111111111113|0.08872222222222222
2018-06-02|0.2012|0.20634999999999998|0.12430000000000001
2018-06-03|0.3456973843058339|0.23156639839034243|0.04968460764587523
2018-06-04|0.36893966393122335|0.2416838608831565|0.045872215709261456
2018-06-05|0.38625405705816945|0.2435427936272682|0.043386439422008136
2018-06-06|0.3491455572876082|0.234444271239282|0.0548737334372564
2018-06-07|0.3598398039215667|0.23609999999999995|0.052478431372548984
2018-06-08|0.3600826572847667|0.22804097682119148|0.0501187913907285
2018-06-09|0.3293308073973828|0.22142489851150246|0.052818222823635554
2018-06-10|0.34612484791764075|0.22742629854936863|0.0496827328029948
2018-06-11|0.3468810141987816|0.2250949290060846|0.05228519269776866
2018-06-12|0.346590082320657|0.22384594276754166|0.05118816150529201
2018-06-13|0.3472622193436947|0.2309568221070816|0.052028929188255635
2018-06-14|0.36134485829959184|0.23677368421052605|0.0547097165991903
2018-06-15|0.34637738840216786|0.23270421360033366|0.05358406341259906
2018-06-16|0.3433863243761983|0.23040019193857972|0.05492802303262955
2018-06-17|0.3985422697368424|0.2623470394736842|0.048194078947368435
2018-06-18|0.33481519434629026|0.22458303886925798|0.05630918727915194
2018-06-19|0.3131316814159293|0.19971504424778777|0.047458407079646076
2018-06-20|0.3033603636363638|0.22598727272727273|0.06011818181818183
2018-06-21|0.1078071984435797|0.17416536964980536|0.10807198443579763
2018-06-22|0.2559753496503499|0.18756993006993|0.06656993006993006
2018-06-23|0.3230788429752069|0.2149157024793387|0.051725619834710745
2018-06-24|0.370065|0.22959999999999997|0.0534
2018-06-25|0.28719|0.21334999999999998|0.036000000000000004
2018-06-26|0.38425|0.27104999999999996|0.046
2018-06-27|0.3237684210526317|0.2233157894736842|0.04994736842105263
2018-06-28|0.26950499999999994|0.23265000000000002|0.0964
2018-06-29|0.3146944444444444|0.2075|0.04588888888888889
2018-06-30|0.23182631578947369|0.22889473684210526|0.10857894736842107
2018-07-01|0.27428947368421047|0.1837368421052632|0.07231578947368422
2018-07-02|0.28835500000000003|0.19735|0.04195
2018-07-03|0.43560999999999994|0.26535|0.06365000000000001
2018-07-04|0.34375000000000006|0.22818421052631588|0.042368421052631576
2018-07-05|0.48929500000000015|0.3000999999999999|0.034350000000000006
2018-07-06|0.25865499999999997|0.22569999999999996|0.0843
2018-07-07|0.32821500000000003|0.24799999999999994|0.08155000000000001
2018-07-08|0.42539499999999997|0.25039999999999996|0.03105
2018-07-09|0.34549|0.18590000000000004|0.07985000000000002
2018-07-10|0.1470578947368421|0.16842105263157894|0.0881578947368421
2018-07-11|0.17107999999999998|0.2088|0.1361
2018-07-12|0.29638|0.16665000000000002|0.05219999999999999
2018-07-13|0.31828|0.24275000000000002|0.05095000000000001
2018-07-14|0.19621000000000005|0.2062|0.0952
2018-07-15|0.3433814022874197|0.2249502734957736|0.05575932371954262
2018-07-16|0.2915652677279294|0.19441099855282237|0.05446309696092628
2018-07-17|0.33199137254902034|0.2161382352941181|0.058788235294117655
2018-07-18|0.3343993081426294|0.2123368813198516|0.06104417243214483
2018-07-19|0.35166040688575895|0.2231366718831509|0.05796817944705268
2018-07-20|0.32660431732326045|0.21477657852131696|0.057594711279007046
2018-07-21|0.3507704402515739|0.2227764876632804|0.0538906627963232
2018-07-22|0.2591|0.1912631578947368|0.07157894736842105
2018-07-23|0.34527|0.1881|0.06605000000000001
2018-07-24|0.07466315789473683|0.17984210526315791|0.1190526315789474
2018-07-25|0.39712500000000006|0.23735000000000003|0.03005
2018-07-26|0.25067500000000004|0.2124|0.09232500000000002
2018-07-27|0.29225384615384614|0.18784615384615386|0.04730769230769231
2018-07-28|0.2969473684210526|0.2195263157894737|0.09021052631578948
2018-07-29|0.37357216614906985|0.22730473602484433|0.0482208850931678
2018-07-30|0.3568679449360865|0.218902654867257|0.04841035725991475
2018-07-31|0.3434268421052631|0.219469040247678|0.05287368421052637
2018-08-01|0.3430114645669282|0.2146170078740153|0.0581215748031497
2018-08-02|0.310261541027352|0.2015963975983988|0.05691894596397602
2018-08-03|0.34292524239384886|0.21387094617184849|0.054575392845202395
2018-08-04|0.3557077648766339|0.21415348330914394|0.04718577648766328
2018-08-05|0.3455224626481178|0.21885935085007713|0.050610510046367845
2018-08-06|0.3446320952380942|0.22245666666666683|0.05420428571428571
2018-08-07|0.3718900289017358|0.2526883429672416|0.11891955684007866
2018-08-08|0.3475536608863191|0.2268371868978804|0.07340221579961466
2018-08-09|0.3228679848320685|0.2143781148429038|0.05877573131094252
2018-08-10|0.31657696839849964|0.20074665238350298|0.059572576325656205
2018-08-11|0.33425753891050586|0.20177626459143982|0.05280058365758755
2018-08-12|0.3192499999999999|0.19319999999999998|0.040549999999999996
2018-08-13|0.238825|0.21015|0.09464999999999998
2018-08-14|0.235085|0.17830000000000001|0.03949999999999999
2018-08-15|0.44772500000000004|0.26254999999999995|0.04105
2018-08-16|0.45748999999999995|0.27485|0.046
2018-08-17|0.42684999999999995|0.2243|0.056900000000000006
2018-08-18|0.3097526315789474|0.24199999999999994|0.04621052631578947
2018-08-19|0.25033|0.18654999999999997|0.04465
2018-08-20|0.30690000000000006|0.1679|0.07664999999999998
2018-08-21|0.19241052631578945|0.14984210526315786|0.07042105263157895
2018-08-22|0.17158|0.1557|0.08660000000000001
2018-08-23|0.41628888888888893|0.21616666666666665|0.03344444444444445
2018-08-24|0.42935999999999996|0.24255|0.01745
2018-08-25|0.3850666666666667|0.2188333333333333|0.03833333333333334
2018-08-26|0.24783684210526316|0.2300526315789474|0.07278947368421053
2018-08-27|0.37091052631578947|0.24642105263157896|0.02631578947368421
2018-08-28|0.4369350000000001|0.17354999999999998|0.0322
2018-08-29|0.259175|0.17955000000000004|0.06709999999999999
2018-08-30|0.3553105263157896|0.2331578947368421|0.04726315789473684
2018-08-31|0.31973500000000005|0.20975000000000002|0.0757
2018-09-01|0.11239000000000002|0.12940000000000002|0.08185
2018-09-02|0.4781000000000001|0.2965999999999999|0.03
2018-09-03|0.19732|0.17815|0.0963
2018-09-04|0.45326500000000003|0.22560000000000002|0.040600000000000004
2018-09-05|0.46690499999999996|0.21705000000000002|0.0112
2018-09-06|0.39899473684210524|0.22194736842105267|0.05310526315789473
2018-09-07|0.413115|0.24029999999999996|0.060050000000000006
2018-09-08|0.4106421052631579|0.22578947368421054|0.020105263157894737
2018-09-09|0.26598823529411764|0.16270588235294114|0.03623529411764706
2018-09-10|0.31857894736842113|0.1912631578947368|0.03315789473684211
2018-09-11|0.24032|0.2333|0.0849
2018-09-12|0.5093099999999999|0.26030000000000003|0.013250000000000001
2018-09-13|0.45418499999999995|0.29105000000000003|0.033100000000000004
2018-09-14|0.560885|0.2684|0.04925
2018-09-15|0.311221052631579|0.17805263157894738|0.034631578947368416
2018-09-16|0.5386444444444444|0.2861111111111111|0.009000000000000001
2018-09-17|0.4154|0.20515|0.08195000000000001
2018-09-18|0.443545|0.25935|0.011649999999999999
2018-09-19|0.36961999999999995|0.23089999999999997|0.054700000000000006
2018-09-20|0.12391999999999999|0.1467|0.11895
2018-09-21|0.027620000000000016|0.20820000000000002|0.14755000000000001
2018-09-22|0.3709950000000001|0.266|0.08
2018-09-23|0.3196442582552986|0.21172104484967866|0.06965155248891086
2018-09-24|0.35259141039236463|0.20719671261929953|0.04935737009544011
2018-09-25|0.3879197866666654|0.2330010666666667|0.05192480000000007
2018-09-26|0.3864102019128578|0.2293607863974488|0.05149309245483533
2018-09-27|0.3376712475633525|0.20352144249512646|0.04583187134502927
2018-09-28|0.4090027267960142|0.23291295228106923|0.04194074462506555
2018-09-29|0.43067974358974226|0.24147008547008486|0.03627820512820515
2018-09-30|0.45623500000000006|0.23904999999999998|0.049100000000000005
2018-10-01|0.4652049999999999|0.23437500000000008|0.039325
2018-10-02|0.29451499999999997|0.22705000000000003|0.09375
2018-10-03|0.560145|0.30315000000000003|0.0098
2018-10-04|0.48245249999999995|0.276025|0.057499999999999996
2018-10-05|0.36580999999999997|0.21690000000000004|0.0237
2018-10-06|0.4218916666666666|0.24623333333333342|0.04268333333333333
2018-10-07|0.3899656808803304|0.21545185694635338|0.038620357634112874
2018-10-08|0.35914253333333235|0.2047783333333322|0.03983100000000003
2018-10-09|0.37133418079095976|0.22399058380414302|0.051362523540489646
2018-10-10|0.35067256981265343|0.19956592435489476|0.04520820077766001
2018-10-11|0.31128781362007046|0.18631827956989186|0.04657491039426532
2018-10-12|0.35918059086224596|0.20721332875300555|0.04290381312263829
2018-10-13|0.35325543925233716|0.20406467289719546|0.04581233644859817
2018-10-14|0.3519572050290123|0.20829835589941936|0.045674081237911064
2018-10-15|0.3612528590135313|0.21808991706678313|0.044250982103884784
2018-10-16|0.3445130990415337|0.21094089456868997|0.04351011714589985
2018-10-17|0.3324542175360711|0.19801775804661478|0.04545338512763594
2018-10-18|0.32815454935622446|0.1910098712446357|0.03616094420600862
2018-10-19|0.3037510966212213|0.19291879075281568|0.04994902193242441
2018-10-20|0.3294279033105623|0.19560483447188648|0.04602101944298471
2018-10-21|0.3403315789473684|0.17415789473684212|0.02705263157894737
2018-10-22|0.29267|0.179|0.0612
2018-10-23|0.3953649999999999|0.2051|0.03315
2018-10-24|0.50793|0.1992|0.01195
2018-10-25|0.26878499999999994|0.18665|0.05885
2018-10-26|0.34540000000000004|0.17105|0.0618
2018-10-27|-0.33255555555555555|0.10116666666666665|0.2958888888888888
2018-10-28|0.0009477213200624139|0.16090099528548973|0.17074908328968008
2018-10-29|0.19971525844930502|0.17459840954274353|0.08866600397614324
2018-10-30|0.25121722328244467|0.17661736641221307|0.06938597328244277
2018-10-31|0.3068595131644325|0.17878291107799282|0.05025782414307006
2018-11-01|0.34138386491557443|0.1941486866791732|0.04837335834896813
2018-11-02|0.3264257388500823|0.19599570123589416|0.052752821063944154
2018-11-03|0.33643633786848215|0.19295408163265254|0.045247165532879725
2018-11-04|0.2579315789473684|0.2029473684210526|0.037789473684210526
2018-11-05|0.31168|0.16649999999999995|0.0489
2018-11-06|0.29467|0.1463|0.03975000000000001
2018-11-07|0.4630368421052633|0.19905263157894734|0.035
2018-11-08|0.08445|0.1272|0.10225
2018-11-09|0.17498235294117648|0.17723529411764702|0.12200000000000001
2018-11-10|0.473415|0.2913|0.028999999999999998
2018-11-11|0.17970499999999998|0.12349999999999997|0.06365000000000001
2018-11-12|0.4555421052631579|0.2565789473684211|0.05942105263157895
2018-11-13|0.19220500000000001|0.16134999999999997|0.036199999999999996
2018-11-14|0.44261|0.27730000000000005|0.06885
2018-11-15|0.14647000000000002|0.1464|0.1262
2018-11-16|0.4313350000000001|0.23080000000000006|0.014600000000000002
2018-11-17|0.44121|0.20634999999999998|0.047200000000000006
2018-11-18|0.510525|0.2799|0.0412
2018-11-19|0.343545|0.1808|0.04105
2018-11-20|0.520942105263158|0.25142105263157893|0.0331578947368421
2018-11-21|0.550495|0.19349999999999998|0.0
2018-11-22|0.5250699999999998|0.26155000000000006|0.0332
2018-11-23|0.45783000000000007|0.2002|0.0301
2018-11-24|0.34558500000000003|0.19255|0.07285
2018-11-25|0.323085|0.13499999999999998|0.02395
2018-11-26|0.4721924999999998|0.19077500000000008|0.025124999999999998
2018-11-27|0.23216|0.10669999999999998|0.014400000000000001
2018-11-28|0.5005052631578948|0.23294736842105265|0.018894736842105263
2018-11-29|0.6619549999999997|0.2861|0.0046500000000000005
2018-11-30|0.5452899999999999|0.23160000000000003|0.009600000000000001
2018-12-01|0.5820315789473683|0.21610526315789472|0.0
2018-12-02|0.4811951564509266|0.20973339048435038|0.01903643377625376
2018-12-03|0.41954455782313277|0.21599319727891145|0.04224376417233561
2018-12-04|0.4856248002556642|0.2097267497602998|0.018611377436880794
2018-12-05|0.5053661851257195|0.21566532905296162|0.017550829320492248
2018-12-06|0.5039925170067842|0.2166510456034183|0.018079365079365084
2018-12-07|0.5078353321033295|0.2133625461254566|0.01740036900369004
2018-12-08|0.4918374844333782|0.20548318804482665|0.01843129929431298
2018-12-09|0.5496148648648645|0.22974324324324355|0.008777027027027026
2018-12-10|0.504311827957001|0.2087624167946705|0.014881720430107524
2018-12-11|0.41749391992092|0.19793969352446572|0.039662876915472094
2018-12-12|0.46562939068101505|0.2001669226830477|0.023726062467997945
2018-12-13|0.4931772198731622|0.20770613107822047|0.01930496828752642
2018-12-14|0.45506227810652056|0.19972435897435503|0.02131311637080867
2018-12-15|0.49626340895870924|0.204423502036065|0.015751599767306574
2018-12-16|0.5374058823529412|0.19935294117647054|0.0
2018-12-17|0.5263000000000001|0.20579999999999998|0.0
2018-12-18|0.5253333333333333|0.19305555555555554|0.0067777777777777775
2018-12-19|0.6143789473684209|0.2633157894736843|0.011736842105263158
2018-12-20|0.5355099999999999|0.22465000000000002|0.0125
2018-12-21|0.6052764705882353|0.24341176470588236|0.003235294117647059
2018-12-22|0.5724823529411766|0.23058823529411762|0.04294117647058823
2018-12-23|0.6168157894736841|0.31526315789473697|0.0
2018-12-24|0.5434888888888887|0.25383333333333336|0.008611111111111111
2018-12-25|0.6098849999999999|0.2977|0.014400000000000001
2018-12-26|0.42674|0.22799999999999998|0.057800000000000004
2018-12-27|0.52843|0.29000000000000004|0.018349999999999998
2018-12-28|0.44338000000000016|0.25215|0.041600000000000005
2018-12-29|0.4267550000000001|0.2243|0.03735
2018-12-30|0.4195263836647007|0.2318860827512075|0.03754003224073076
2018-12-31|0.41429791044776415|0.22438009950248586|0.03264079601990049
2019-01-01|0.43793744660655154|0.24193735168485891|0.035744660654959584
2019-01-02|0.3548990021008431|0.20612394957983132|0.04132615546218492
2019-01-03|0.35844345637583885|0.20585906040268362|0.04356543624161073
2019-01-04|0.3839888000000026|0.20171799999999931|0.04039950000000004
2019-01-05|0.39135722336066037|0.2077469262295067|0.04238422131147542
2019-01-06|0.41803684210526315|0.2056842105263158|0.039
2019-01-07|0.6102684210526316|0.3141052631578948|0.006578947368421052
2019-01-08|0.214965|0.15605|0.06059999999999999
2019-01-09|0.3486470588235294|0.1778235294117647|0.04764705882352941
2019-01-10|0.25268999999999997|0.2242|0.0955
2019-01-11|0.44960000000000006|0.20221052631578948|0.0668421052631579
2019-01-12|0.3199214285714285|0.23264285714285712|0.04935714285714286
2019-01-13|0.4656526315789474|0.2735789473684211|0.0
2019-01-14|0.49384999999999996|0.23240000000000002|0.0
2019-01-15|0.29617499999999997|0.1769|0.027699999999999995
2019-01-16|0.433445|0.22535|0.045450000000000004
2019-01-17|0.38972257676098965|0.2148395544852478|0.04124142083082478
2019-01-18|0.29026315789473683|0.18026315789473685|0.02805263157894737
2019-01-19|0.4629052631578948|0.21205263157894735|0.014473684210526317
2019-01-20|0.38147762089657805|0.2126561948464519|0.03682774444052246
2019-01-21|0.3565476714915057|0.20655569540591487|0.03895122718691
2019-01-22|0.3852834219269111|0.22219634551494924|0.037603322259136165
2019-01-23|0.35123342786246053|0.20465756823821302|0.04168592697624951
2019-01-24|0.37461638641609024|0.21633003626771982|0.039993735575337926
2019-01-25|0.3688336482558149|0.21163844476744087|0.04311773255813949
2019-01-26|0.35312502933124784|0.2076949550254203|0.0462718028940164
2019-01-27|0.32590424710424687|0.2041776061776062|0.03751351351351351
2019-01-28|0.332725819672131|0.2098811475409836|0.05033196721311474
2019-01-29|0.3182338461538462|0.20833846153846164|0.059917948717948734
2019-01-30|0.3136505415162456|0.18784837545126346|0.05393501805054151
2019-01-31|0.31646537216828474|0.19548867313915863|0.04483495145631068
2019-02-01|0.28115121951219507|0.18572764227642283|0.05660975609756099
2019-02-02|0.37751330935251787|0.2278884892086331|0.050230215827338116
2019-02-03|0.2791176470588236|0.24029411764705877|0.046
2019-02-04|0.39302777777777786|0.22066666666666668|0.06983333333333334
2019-02-05|0.066395|0.21149999999999997|0.09785
2019-02-06|0.19909473684210527|0.16494736842105262|0.04394736842105263
2019-02-07|0.34457499999999996|0.2895|0.06965000000000002
2019-02-08|0.2848888888888889|0.19916666666666666|0.061000000000000006
2019-02-09|0.28274|0.16460000000000002|0.0388
2019-02-10|0.2601|0.17236363636363636|0.06954545454545455
2019-02-11|0.3491|0.20125|0.03169999999999999
2019-02-12|0.43000999999999995|0.24820000000000003|0.028949999999999997
2019-02-13|0.207625|0.2098125|0.092375
2019-02-14|0.30732000000000004|0.21345|0.0395
2019-02-15|0.27787|0.20135|0.10435000000000001
2019-02-16|0.44501052631578947|0.2808947368421053|0.05163157894736842
2019-02-17|0.45830000000000004|0.2986875|0.0520625
2019-02-18|0.292835|0.18585|0.06165
2019-02-19|0.207925|0.18416666666666667|0.04858333333333333
2019-02-20|0.2331166666666667|0.1733888888888889|0.05361111111111111
2019-02-21|0.14700666666666665|0.1471333333333333|0.09780000000000001
2019-02-22|0.33094500000000004|0.18270000000000003|0.023299999999999998
2019-02-23|0.12334|0.19785000000000003|0.11255
2019-02-24|0.44849999999999995|0.21352631578947365|0.027947368421052634
2019-02-25|0.37728|0.2433|0.062150000000000004
2019-02-26|0.30802|0.24725000000000005|0.034699999999999995
2019-02-27|0.275425|0.22600000000000003|0.10225
2019-02-28|0.16827|0.17555|0.13135
2019-03-01|0.2011055555555556|0.1787777777777778|0.053777777777777785
2019-03-02|0.08627222222222221|0.15211111111111109|0.10372222222222222
2019-03-03|0.26737368421052626|0.24963157894736843|0.07552631578947369
2019-03-04|0.12208124999999997|0.176375|0.109375
2019-03-05|0.39556923076923084|0.23753846153846161|0.025615384615384616
2019-03-06|0.291515|0.2152|0.0826
2019-03-07|0.440095|0.258625|0.04185
2019-03-08|0.32126000000000005|0.21839999999999998|0.05655
2019-03-09|0.47102000000000005|0.25084999999999996|0.026249999999999996
2019-03-10|0.40584904610492667|0.24839308426073095|0.04239268680445143
2019-03-11|0.3567331977818845|0.22255452865064765|0.048297966728280954
2019-03-12|0.3002781250000003|0.18237145618556677|0.0413450386597938
2019-03-13|0.28618265957446754|0.19082163120567394|0.051510638297872315
2019-03-14|0.32436374610591867|0.20181775700934615|0.052360202492211835
2019-03-15|0.3252789574549625|0.20237945573016497|0.04554541970103483
2019-03-16|0.3116369136343696|0.20377641385357367|0.05341955282770709
2019-03-17|0.3330254570383895|0.21746617915904992|0.053545703839122494
2019-03-18|0.3142232114467388|0.20497416534181287|0.054828696343402115
2019-03-19|0.3255502704952125|0.20593716188098277|0.04995713691219303
2019-03-20|0.24820731707317029|0.19610710498409328|0.08521208907741254
2019-03-21|0.2839012369539991|0.1925577889447242|0.06265210668728242
2019-03-22|0.29804929915898937|0.20301722066479808|0.05656227472967561
2019-03-23|0.310078232558138|0.19767488372093067|0.055282790697674306
2019-03-24|0.3695095744680851|0.22729787234042562|0.059688829787234034
2019-03-25|0.31900317848410753|0.21075550122249392|0.05138386308068459
2019-03-26|0.2476110275689223|0.1628897243107769|0.05305764411027571
2019-03-27|0.24666284916201114|0.17664804469273737|0.05868156424581003
2019-03-28|0.28047083333333317|0.19996944444444426|0.06282499999999999
2019-03-29|0.29738417266187045|0.18754316546762576|0.0531906474820144
2019-03-30|0.3225732876712326|0.21527397260273967|0.05599657534246575
2019-03-31|0.179215|0.17414999999999997|0.08105
2019-04-01|0.26607499999999995|0.15465|0.08315
2019-04-02|0.13019999999999998|0.11636842105263157|0.06836842105263158
2019-04-03|0.31551500000000005|0.2203|0.04554999999999999
2019-04-04|0.33547499999999997|0.20600000000000002|0.049062499999999995
2019-04-05|0.3459666666666667|0.1743333333333333|0.022250000000000002
2019-04-06|0.3627444444444445|0.20627777777777778|0.03527777777777778
2019-04-07|0.08932|0.09104999999999999|0.042249999999999996
2019-04-08|0.2642882352941176|0.2157647058823529|0.08305882352941177
2019-04-09|0.165975|0.18519999999999998|0.0886
2019-04-10|0.15735263157894736|0.17531578947368423|0.09342105263157895
2019-04-11|0.23029000000000005|0.17159999999999997|0.05355000000000001
2019-04-12|0.42106249999999995|0.2159375|0.0675
2019-04-13|0.27276923076923076|0.25946153846153847|0.10423076923076925
2019-04-14|0.42264736842105266|0.24126315789473693|0.033578947368421055
2019-04-15|0.25685833333333336|0.22725000000000004|0.12758333333333335
2019-04-16|0.18639999999999995|0.1405|0.06065
2019-04-17|0.3315473684210526|0.22721052631578953|0.10494736842105264
2019-04-18|0.08192777777777777|0.11333333333333336|0.07677777777777778
2019-04-19|0.40962631578947367|0.21921052631578947|0.04205263157894737
2019-04-20|-0.21307142857142858|0.09685714285714285|0.21207142857142852
2019-04-21|0.19432172002510947|0.16637288135593212|0.09234588826114236
2019-04-22|0.2733850523993379|0.1804478764478764|0.055137892995035825
2019-04-23|0.2909998290598284|0.18842621082621067|0.058451282051282055
2019-04-24|0.2630014100394799|0.16980485053581534|0.053567399887196825
2019-04-25|0.2729139215686268|0.1736738562091502|0.05082745098039213
2019-04-26|0.2647085825747714|0.16883680104031198|0.04894668400520156
2019-04-27|0.2637624508518999|0.1698014416775882|0.05492463958060286
2019-04-28|0.5668428571428572|0.24757142857142858|0.012571428571428572
2019-04-29|0.35382631578947377|0.25142105263157893|0.04742105263157894
2019-04-30|0.4339888888888888|0.23716666666666666|0.07566666666666666
2019-05-01|0.2100125|0.21087500000000003|0.0564375
2019-05-02|0.2844375|0.199875|0.06125
2019-05-03|0.23784500000000003|0.16660000000000003|0.06860000000000001
2019-05-04|0.09195|0.15285714285714286|0.15107142857142855
2019-05-05|0.09082499999999996|0.1507|0.11939999999999999
2019-05-06|0.538875|0.28395|0.0173
2019-05-07|0.38281666666666664|0.1845|0.060416666666666674
2019-05-08|0.3224538461538462|0.1729230769230769|0.004384615384615384
2019-05-09|0.431555|0.22394999999999995|0.01585
2019-05-10|0.24253157894736843|0.1587894736842105|0.07342105263157894
2019-05-11|0.2763454545454545|0.15354545454545457|0.045909090909090906
2019-05-12|0.2990690112130469|0.19415239551478133|0.05424159021406721
2019-05-13|0.2808539864291768|0.1824240882103477|0.05399660729431723
2019-05-14|0.26922179871520224|0.1762192719486079|0.055946895074946504
2019-05-15|0.2852934828607693|0.1883948370715198|0.0580681337283114
2019-05-16|0.25395969884853753|0.1786111603188667|0.06211647475642154
2019-05-17|0.24638015234870825|0.167897164621244|0.06097291578501895
2019-05-18|0.26541378366042834|0.17663076220903715|0.05931264262893651
2019-05-19|0.26062537942664415|0.1854679595278248|0.06260539629005053
2019-05-20|0.2532338617628412|0.18205072923272056|0.06067596702599874
2019-05-21|0.2670982087227413|0.18762383177570113|0.059204828660436075
2019-05-22|0.28765315832649735|0.19609269893355197|0.05732731747333881
2019-05-23|0.2768054112554118|0.19189393939393992|0.06273881673881682
2019-05-24|0.2558197234352265|0.1836149927219798|0.06506695778748185
2019-05-25|0.28355178062678044|0.18706766381766363|0.057185897435897415
2019-05-26|0.23560909090909093|0.131|0.022636363636363635
2019-05-27|0.10257500000000001|0.14645000000000002|0.10540000000000001
2019-05-28|0.23430499999999999|0.17960000000000004|0.0349
2019-05-29|0.3650421052631579|0.21184210526315791|0.0724736842105263
2019-05-30|0.2555|0.19731578947368422|0.10357894736842103
2019-05-31|0.30265555555555557|0.17933333333333332|0.07466666666666667
2019-06-01|0.4865909090909091|0.2726363636363636|0.03227272727272727
2019-06-02|0.33566315789473683|0.18994736842105264|0.02873684210526316
2019-06-03|0.43720769230769224|0.21900000000000003|0.036923076923076927
2019-06-04|0.21475|0.1798|0.04935000000000001
2019-06-05|0.54351875|0.26581249999999995|0.0170625
2019-06-06|0.29093611111111106|0.20205555555555554|0.059472222222222225
2019-06-07|0.18692777777777778|0.17633333333333334|0.16316666666666668
2019-06-08|0.30971875|0.20518749999999997|0.033125
2019-06-09|0.33343275434243097|0.20261724565756847|0.051471464019851115
2019-06-10|0.04281404796867346|0.17936172295643862|0.13285315712188067
2019-06-11|0.28095417348608814|0.19855537370431053|0.06318657937806861
2019-06-12|0.2564248226950352|0.19185706492089566|0.06888270594653566
2019-06-13|0.29041576626240284|0.1913230429988976|0.056682469680264684
2019-06-14|0.2675220532319387|0.16969961977186326|0.045743074416078194
2019-06-15|0.294351989562948|0.18590345727332003|0.05110437051532944
2019-06-16|0.11845999999999998|0.21279999999999996|0.17054999999999998
2019-06-17|0.3299058823529411|0.2445882352941176|0.09870588235294117
2019-06-18|0.5698444444444444|0.257|0.022166666666666668
2019-06-19|0.12464375|0.166875|0.10256250000000001
2019-06-20|0.30394|0.1454|0.05500000000000001
2019-06-21|0.3730461538461539|0.26353846153846155|0.02538461538461538
2019-06-22|0.3077263157894737|0.20247368421052633|0.04378947368421053
2019-06-23|0.24090000000000003|0.1406111111111111|0.0951111111111111
2019-06-24|0.2549638888888889|0.2137777777777778|0.08650000000000002
2019-06-25|0.45582142857142854|0.22271428571428567|0.026214285714285714
2019-06-26|0.44028823529411765|0.24917647058823528|0.042882352941176476
2019-06-27|0.30958|0.18226666666666666|0.05279999999999999
2019-06-28|0.13815624999999998|0.23475000000000001|0.0698125
2019-06-29|0.5032076923076922|0.2905384615384615|0.02053846153846154
2019-06-30|0.3225178178178166|0.20370420420420446|0.05379329329329321
2019-07-01|0.3270523161920942|0.20208797280068022|0.051244793880153
2019-07-02|0.30441531531531524|0.19277231777231835|0.056124897624897585
2019-07-03|0.2690155304558281|0.18359943525615174|0.057804356595401334
2019-07-04|0.3132556581986131|0.18732886836027696|0.051959815242494226
2019-07-05|0.3098031458531918|0.19550905624404247|0.05253527168732119
2019-07-06|0.2913801418439709|0.18456433637284708|0.057597771023302886
2019-07-07|0.3030642387732738|0.1968263964950713|0.05270700985761226
2019-07-08|0.3206193439459702|0.20212445730824924|0.05204679208876028
2019-07-09|0.30197511147142175|0.19400243210377016|0.05971828131333602
2019-07-10|0.2812925142392178|0.19139666395443444|0.05950772986167611
2019-07-11|0.2823746364414019|0.19603464499572293|0.06361077844311369
2019-07-12|0.2939235747963988|0.19796913844834996|0.05725289327046723
2019-07-13|0.3087815280464207|0.20046663442940038|0.055633462282398474
2019-07-14|0.3779847222222221|0.22048611111111105|0.041124999999999995
2019-07-15|0.30140568181818184|0.1834204545454546|0.03815909090909091
2019-07-16|0.4013917647058824|0.21203529411764713|0.04301176470588235
2019-07-17|0.30475411764705884|0.19096470588235293|0.050305882352941186
2019-07-18|0.31636777777777775|0.22826666666666665|0.08404444444444442
2019-07-19|0.23713437499999998|0.17437499999999995|0.05123958333333333
2019-07-20|0.3528538461538462|0.1896923076923077|0.03761538461538462
2019-07-21|0.26623478260869565|0.1893913043478261|0.08478260869565218
2019-07-22|0.4049384615384615|0.3055384615384615|0.04415384615384615
2019-07-23|0.1625263157894737|0.18078947368421053|0.09494736842105263
2019-07-24|0.2660600000000001|0.15728571428571428|0.05437142857142857
2019-07-25|0.33144285714285715|0.23935714285714288|0.050357142857142864
2019-07-26|0.299775|0.15825|0.03825
2019-07-27|-0.14335499999999998|0.11340000000000001|0.1621
2019-07-28|0.19897607868020287|0.17903109137055861|0.08837817258883249
2019-07-29|0.23700400266844507|0.18389726484322902|0.08094396264176128
2019-07-30|0.29941770145310476|0.20274900924702774|0.06361294583883753
2019-07-31|0.3300220022624421|0.21544683257918532|0.059097285067873206
2019-08-01|0.27457251732101556|0.18987066974595845|0.06418591224018477
2019-08-02|0.2649319416832334|0.17936514247846239|0.05943207422133861
2019-08-03|0.30561466331025744|0.19025550660792953|0.052628697293895514
2019-08-04|0.34273333333333333|0.17466666666666666|0.013111111111111112
2019-08-05|0.22855499999999998|0.17144999999999996|0.0987
2019-08-06|0.33507692307692305|0.19515384615384618|0.037307692307692306
2019-08-07|0.15581250000000002|0.146125|0.064625
2019-08-08|0.33821052631578946|0.19778947368421054|0.026789473684210526
2019-08-09|0.21435263157894732|0.16099999999999998|0.08105263157894738
2019-08-10|0.2513105263157895|0.20252631578947367|0.0838421052631579
2019-08-11|0.3196914169629242|0.19900964956830938|0.0502524123920772
2019-08-12|0.3152785779398343|0.19981358249772158|0.0567967183226983
2019-08-13|0.30587736608940574|0.1965078534031416|0.05623842126459929
2019-08-14|0.3152552663195808|0.2008522226672013|0.057470965158189766
2019-08-15|0.31032193832598953|0.19660132158590374|0.05626431718061675
2019-08-16|0.31703698805460545|0.19881740614334506|0.05379948805460753
2019-08-17|0.30467907888289897|0.18604752572268482|0.053943165115139594
2019-08-18|0.29381757451181906|0.19108119218910558|0.0533381294964029
2019-08-19|0.28908053691275193|0.188429530201342|0.056221476510067064
2019-08-20|0.29406494644595893|0.19031742940603671|0.05859785783836415
2019-08-21|0.2828199602780536|0.18420456802383323|0.055606752730883814
2019-08-22|0.29482744702320857|0.19075782038345102|0.061256306760847645
2019-08-23|0.3124909788867563|0.19807197696737022|0.05348560460652587
2019-08-24|0.2918119961612284|0.18521593090211108|0.06011324376199614
2019-08-25|0.32748421052631577|0.2028421052631579|0.0716842105263158
2019-08-26|0.2242823529411765|0.2204117647058823|0.09541176470588236
2019-08-27|0.3772777777777778|0.21827777777777774|0.051388888888888894
2019-08-28|0.251455|0.22405|0.0837
2019-08-29|0.262265|0.23559999999999998|0.08525
2019-08-30|0.25207586206896554|0.21|0.0886896551724138
2019-08-31|0.39415500000000003|0.22950000000000004|0.0364
2019-09-01|0.3213794451450181|0.19776796973518299|0.05375851197982337
2019-09-02|0.22054796657381626|0.1781119777158774|0.07886852367688027
2019-09-03|0.24014184971098274|0.18717976878612716|0.07958150289017334
2019-09-04|0.24718545780969553|0.18772651107121477|0.07906403351286659
2019-09-05|0.24821072821846563|0.17969050715214577|0.06749999999999995
2019-09-06|0.26421688152240586|0.18579312461632916|0.06705402087170038
2019-09-07|0.3110005115089507|0.19918861892583134|0.05487787723785163
2019-09-08|0.4835277777777778|0.257|0.01738888888888889
2019-09-09|0.19875624999999997|0.15193749999999998|0.054875
2019-09-10|0.2677052631578948|0.16863157894736844|0.07121052631578947
2019-09-11|0.32030000000000003|0.17963157894736845|0.06578947368421052
2019-09-12|0.142745|0.14415|0.0633
2019-09-13|0.20788749999999998|0.11768750000000001|0.028249999999999997
2019-09-14|0.13111875|0.1598125|0.082625
2019-09-15|0.30798888888888887|0.1962777777777778|0.07005555555555557
2019-09-16|0.36330526315789474|0.2162105263157895|0.050631578947368416
2019-09-17|0.306555|0.16095000000000004|0.021750000000000002
2019-09-18|0.33682500000000004|0.175125|0.057
2019-09-19|0.34589333333333333|0.20473333333333338|0.014466666666666668
2019-09-20|0.13787894736842107|0.1581578947368421|0.08331578947368422
2019-09-21|0.1930470588235294|0.1748823529411765|0.05552941176470588
2019-09-22|0.2759625|0.19675000000000004|0.0726875
2019-09-23|0.22106250000000002|0.1666875|0.0641875
2019-09-24|0.468855|0.29385|0.07440000000000001
2019-09-25|0.31513125|0.2178125|0.016875
2019-09-26|0.05963333333333334|0.11440000000000002|0.17600000000000002
2019-09-27|0.3735555555555556|0.17983333333333335|0.038111111111111116
2019-09-28|0.4095250000000001|0.22368749999999998|0.0309375
2019-09-29|0.35588421052631586|0.20568421052631577|0.042
2019-09-30|0.18299696969696969|0.1612121212121212|0.07175757575757576
2019-10-01|0.25183000000000005|0.18375000000000002|0.07035
2019-10-02|0.10242777777777777|0.11044444444444447|0.06816666666666667
2019-10-03|0.09320526315789472|0.10231578947368421|0.06178947368421053
2019-10-04|0.22335000000000002|0.12230000000000003|0.014600000000000002
2019-10-05|0.34382142857142856|0.20228571428571426|0.026142857142857138
2019-10-06|0.2225849014084499|0.15246422535211285|0.05507774647887315
2019-10-07|0.2189778238819729|0.14927662517289095|0.05484739511295524
2019-10-08|0.24527319294251487|0.16262037564029583|0.05454752418895846
2019-10-09|0.283262719298245|0.1792856359649123|0.05254440789473678
2019-10-10|0.3070620865139941|0.18536832061068725|0.051638676844783654
2019-10-11|0.2246905619203487|0.15788707037643218|0.06111456628477901
2019-10-12|0.26610660440293465|0.17195396931287518|0.05540893929286188
2019-10-13|0.22649500000000003|0.18395|0.09715
2019-10-14|0.31621874999999994|0.20406249999999998|0.0455625
2019-10-15|0.3303833333333334|0.17700000000000002|0.05488888888888889
2019-10-16|0.3703941176470588|0.2309411764705882|0.04364705882352942
2019-10-17|0.22180000000000005|0.19210526315789472|0.09673684210526316
2019-10-18|0.34358823529411764|0.15358823529411764|0.019
2019-10-19|0.32248125|0.2158125|0.080625
2019-10-20|0.31608624363130977|0.1893964798517833|0.05341732283464567
2019-10-21|0.2873481828839378|0.1813364595545137|0.05617311449785065
2019-10-22|0.2959435138293718|0.1802130892091936|0.05207752239968829
2019-10-23|0.2540872498146767|0.16086990363231984|0.0543524833209785
2019-10-24|0.26265349532710175|0.1727233644859811|0.05486317757009345
2019-10-25|0.27008087885985654|0.17849881235154388|0.056497228820269176
2019-10-26|0.2957795668549891|0.18042137476459508|0.0499524482109228
2019-10-27|0.30271917653694225|0.1823463056965595|0.05015172024816696
2019-10-28|0.3086065168539313|0.1917140449438203|0.05660337078651689
2019-10-29|0.28314872554831017|0.17828808535862456|0.05385951393005327
2019-10-30|0.23092478260869537|0.17114619565217412|0.06754021739130432
2019-10-31|0.26460523255813967|0.17661046511627926|0.06704069767441855
2019-11-01|0.22689565661727046|0.16825958099131363|0.07218446601941754
2019-11-02|0.246243654266958|0.17072210065645513|0.06395131291028441
2019-11-03|0.1671625|0.12906249999999997|0.07628125000000001
2019-11-04|0.14167222222222223|0.1263888888888889|0.07316666666666667
2019-11-05|0.182675|0.1577|0.07669999999999999
2019-11-06|0.13920555555555558|0.11449999999999999|0.053277777777777785
2019-11-07|0.20018947368421058|0.19189473684210526|0.13294736842105262
2019-11-08|0.2759527777777777|0.1821388888888889|0.07238888888888889
2019-11-09|0.439175|0.22975000000000004|0.05305000000000001
2019-11-10|0.279096648858668|0.17425352112676062|0.05779456046624573
2019-11-11|0.2768845657568231|0.17602233250620297|0.057994044665012394
2019-11-12|0.29820503292568157|0.1881166509877708|0.050867826904985904
2019-11-13|0.32992435897435934|0.2122062430323301|0.05510367892976582
2019-11-14|0.16979480387162538|0.16670759042282174|0.10018084564442165
2019-11-15|0.24581572097865684|0.18332431025507562|0.07426861009890684
2019-11-16|0.29143916434540357|0.19552646239554317|0.06140724233983287
2019-11-17|0.20595000000000008|0.16499999999999998|0.07288888888888888
2019-11-18|0.3220473684210527|0.2256315789473684|0.036052631578947364
2019-11-19|0.041486842105263176|0.12968421052631576|0.12557894736842107
2019-11-20|0.4229105263157895|0.24042105263157898|0.02405263157894737
2019-11-21|0.4014526315789474|0.2677894736842106|0.04089473684210526
2019-11-22|0.28648|0.19770000000000001|0.1343
2019-11-23|0.22019000000000002|0.1895|0.08720000000000001
2019-11-24|0.3000128095238094|0.19343999999999995|0.056948095238095214
2019-11-25|0.31551529910005216|0.20113446267866572|0.05483748014822658
2019-11-26|0.3156668467583495|0.19830058939096296|0.05426129666011792
2019-11-27|0.3000386869234943|0.18561909929462855|0.055934888768312555
2019-11-28|0.26944708048395577|0.18200052603892686|0.05966491320357697
2019-11-29|0.277245321361058|0.1783969754253306|0.058599716446124744
2019-11-30|0.29848324159021444|0.17699143730886846|0.047094189602446435
2019-12-01|0.3139519286603059|0.19051679800912458|0.04477270841974279
2019-12-02|0.29819561586638726|0.18224759916492694|0.05281002087682669
2019-12-03|0.3469339278307738|0.20024720033181254|0.050186644545831556
2019-12-04|0.3178226767275611|0.19617196187450356|0.05319380460683078
2019-12-05|0.2864423459244536|0.18549343936381646|0.06193598409542734
2019-12-06|0.31008210900473837|0.19008096366508695|0.05528830963665087
2019-12-07|0.3197002839564593|0.20293800283956456|0.055290108849976274
2019-12-08|0.32503506686478467|0.19710624071322422|0.051268202080237704
2019-12-09|0.3182403656821378|0.19548382559774968|0.056850914205344556
2019-12-10|0.2814095614665707|0.19577498202731825|0.06927102803738326
2019-12-11|0.29766966205837164|0.18809523809523807|0.05820890937019964
2019-12-12|0.27991602760736223|0.17418941717791397|0.054851993865030674
2019-12-13|0.2933961783439492|0.18579999999999958|0.05963821656050958
2019-12-14|0.28174663461538435|0.18449931318681312|0.061154532967032896
2019-12-15|0.46282222222222225|0.30344444444444446|0.04505555555555555
2019-12-16|0.26063157894736844|0.18742105263157893|0.08542105263157895
2019-12-17|0.37361578947368423|0.24552631578947368|0.07657894736842105
2019-12-18|0.24247000000000002|0.17049999999999996|0.07880000000000001
2019-12-19|0.26911|0.16455000000000003|0.02670000000000001
2019-12-20|0.07912|0.12266666666666666|0.10366666666666664
2019-12-21|0.41578947368421043|0.2738947368421053|0.064
2019-12-22|0.28373869139618696|0.18840340030911862|0.05741370427614633
2019-12-23|0.3012381249999996|0.19115260416666635|0.057219270833333405
2019-12-24|0.31907453854505957|0.19318132464712243|0.052501628664495106
2019-12-25|0.32940946775844365|0.20724616171954996|0.051791709314227226
2019-12-26|0.296455954238169|0.19456266250650023|0.05867654706188245
2019-12-27|0.2518760055478497|0.1780721220527045|0.06461858529819685
2019-12-28|0.2976179679144376|0.19485026737967912|0.055673796791443825
2019-12-29|0.18329411764705883|0.15541176470588236|0.08947058823529411
2019-12-30|0.24697894736842108|0.18157894736842106|0.05757894736842104
2019-12-31|0.2498058823529412|0.18688235294117647|0.08694117647058824
2020-01-01|0.41949444444444445|0.24655555555555553|0.04894444444444444
2020-01-02|0.39425499999999997|0.24739999999999998|0.04650000000000001
2020-01-03|0.16027|0.19979999999999998|0.15885
2020-01-04|0.033905|0.11875|0.0781
2020-01-05|0.23204736842105259|0.14505263157894738|0.05647368421052632
2020-01-06|0.374915|0.18925|0.06404999999999998
2020-01-07|0.31692352941176477|0.16982352941176473|0.02582352941176471
2020-01-08|0.43573124999999996|0.25146875|0.059718749999999994
2020-01-09|0.03063749999999999|0.1476875|0.097
2020-01-10|0.0932736842105263|0.1636842105263158|0.11278947368421054
2020-01-11|0.2562315789473684|0.1723684210526316|0.03842105263157895
2020-01-12|0.29222411889596545|0.18546751592356664|0.056693418259023305
2020-01-13|0.2958574336604862|0.1869818247909848|0.05618320610687021
2020-01-14|0.28749291310541303|0.18721581196581213|0.06295975783475784
2020-01-15|0.2907672828096111|0.18755600739371514|0.060241774491682
2020-01-16|0.2819860350076102|0.19161339421613346|0.06299238964992387
2020-01-17|0.29238847031963505|0.18443835616438406|0.060433789954337964
2020-01-18|0.2986325240686479|0.1931795730431141|0.057682712431979956
2020-01-19|0.3010478666666656|0.1875648888888889|0.05780177777777769
2020-01-20|0.30443489000385954|0.18582400617522207|0.05529293708992659
2020-01-21|0.2713488516932653|0.17717750097314153|0.05682833787465929
2020-01-22|0.26856389006342507|0.18103594080338262|0.06064101479915443
2020-01-23|0.2663040618955516|0.17628704061895548|0.05723675048355905
2020-01-24|0.29634079100426514|0.18679875920899588|0.056158200853043815
2020-01-25|0.3205246537396118|0.20109233610341612|0.05362696214219759
2020-01-26|0.3023839916839914|0.20399376299376298|0.05797713097713097
2020-01-27|0.2852350561797751|0.19395280898876416|0.059015730337078666
2020-01-28|0.2830146396396391|0.17914414414414412|0.0603873873873874
2020-01-29|0.26976869244935503|0.18362246777163901|0.058493554327808485
2020-01-30|0.28781699999999993|0.19308199999999992|0.055113999999999996
2020-01-31|0.2892786692759295|0.18040704500978463|0.054048923679060654
2020-02-01|0.29602991803278655|0.19754918032786864|0.05375000000000003
2020-02-02|0.1769|0.11606249999999999|0.0738125
2020-02-03|0.2685692307692308|0.19276923076923078|0.12469230769230769
2020-02-04|0.08971666666666667|0.19327777777777777|0.12483333333333332
2020-02-05|0.15337|0.11975000000000002|0.07640000000000001
2020-02-06|0.3314894736842106|0.21|0.0608421052631579
2020-02-07|0.331535|0.19575|0.014599999999999998
2020-02-08|0.09966315789473684|0.13021052631578947|0.06605263157894738
2020-02-09|0.2501263157894737|0.1878947368421053|0.05363157894736842
2020-02-10|0.39733500000000005|0.21800000000000003|0.0395
2020-02-11|0.4134473684210526|0.24142105263157893|0.044894736842105265
2020-02-12|0.4405200000000001|0.23664999999999997|0.0482
2020-02-13|0.3595157894736843|0.2528421052631579|0.07731578947368421
2020-02-14|0.33886666666666665|0.19983333333333336|0.06461111111111112
2020-02-15|0.16496111111111111|0.14816666666666667|0.08522222222222223
2020-02-16|0.2988882352941177|0.19823529411764704|0.0868235294117647
2020-02-17|0.2754000000000001|0.15665|0.0466
2020-02-18|0.31983|0.23975000000000005|0.0621
2020-02-19|0.31597|0.20964999999999998|0.059050000000000005
2020-02-20|0.11935|0.1934|0.08755
2020-02-21|0.21320999999999998|0.17824999999999996|0.1133
2020-02-22|0.17037|0.1626|0.11875
2020-02-23|0.3914705882352941|0.18594117647058828|0.05611764705882353
2020-02-24|0.52842|0.2544|0.026500000000000003
2020-02-25|0.45791000000000004|0.24215000000000003|0.03155
2020-02-26|0.21129473684210526|0.17094736842105265|0.06742105263157895
2020-02-27|0.20671874999999998|0.18100000000000002|0.0726875
2020-02-28|0.4406833333333334|0.2603333333333333|0.02427777777777778
2020-02-29|0.22345789473684216|0.10984210526315791|0.07142105263157894
2020-03-01|0.22397894736842106|0.26021052631578945|0.10205263157894735
2020-03-02|0.06551|0.10495000000000002|0.0839
2020-03-03|0.2750882352941177|0.191|0.10576470588235294
2020-03-04|0.46756842105263163|0.2685263157894737|0.07394736842105265
2020-03-05|-0.0036555555555555755|0.09566666666666666|0.08355555555555556
2020-03-06|0.37058500000000005|0.1702|0.0473
2020-03-07|0.26827|0.167|0.0329
2020-03-08|0.22614500000000004|0.1626|0.0523
2020-03-09|0.26417647058823523|0.18382352941176472|0.08217647058823531
2020-03-10|0.29405|0.18259999999999993|0.05885
2020-03-11|0.5218250000000001|0.22112499999999996|0.0224375
2020-03-12|0.41026842105263167|0.22726315789473683|0.019894736842105264
2020-03-13|0.07270499999999999|0.14165|0.10405
2020-03-14|0.30916000000000005|0.1998|0.0225
2020-03-15|0.19267714285714285|0.1247714285714286|0.047799999999999995
2020-03-16|0.410745|0.22964999999999997|0.09889999999999999
2020-03-17|0.20059|0.14484999999999998|0.05185000000000001
2020-03-18|0.212555|0.18005|0.06534999999999999
2020-03-19|0.12401052631578946|0.15373684210526317|0.08584210526315789
2020-03-20|0.3222764705882353|0.15876470588235295|0.049235294117647065
2020-03-21|0.27297058823529413|0.18229411764705883|0.08170588235294118
2020-03-22|0.32242000000000004|0.19995|0.06
2020-03-23|0.24932249999999997|0.18377499999999997|0.07835000000000003
2020-03-24|0.20014736842105268|0.17697368421052634|0.08647368421052631
2020-03-25|0.17269500000000002|0.09890000000000002|0.0256
2020-03-26|0.25113749999999996|0.150625|0.049062499999999995
2020-03-27|0.25235789473684206|0.1898421052631579|0.08242105263157895
2020-03-28|0.06272499999999999|0.061583333333333344|0.07266666666666667
2020-03-29|0.21586315789473684|0.13042105263157897|0.040368421052631574
2020-03-30|0.452715|0.25734999999999997|0.03979999999999999
2020-03-31|0.26894444444444443|0.17094444444444445|0.042055555555555554
