Security;MSFT US Equity;ORCL US Equity;AAPL US Equity;CRM US Equity;V US Equity;PYPL US Equity;MA US Equity;INTC US Equity;CSCO US Equity;NVDA US Equity;ADBE US Equity
Field;PX_LAST;PX_LAST;PX_LAST;PX_LAST;PX_LAST;PX_LAST;PX_LAST;PX_LAST;PX_LAST;PX_LAST;PX_LAST
Date;;;;;;;;;;;
2016-12-30;58.7175;36.4575;110.377;68.46;76.3576;39.47;101.236;33.4051;27.3373;105.5543;102.95
2017-01-03;59.1333;36.6955;110.691;70.54;77.806;40.25;103.334;33.7091;27.6268;100.8768;103.48
2017-01-04;58.8687;36.8763;110.567;72.8;78.4422;41.0;104.314;33.5341;27.4625;103.2304;104.14
2017-01-05;58.8687;36.7811;111.13;72.79;79.3622;41.06;105.12;33.4788;27.5264;100.6098;105.91
2017-01-06;59.379;36.6003;112.368;73.8;80.4583;41.45;105.877;33.5985;27.5811;101.9547;108.3
2017-01-09;59.19;37.1524;113.398;73.96;80.0081;41.4;105.67;33.7183;27.5355;106.0883;108.57
2017-01-10;59.1711;36.8002;113.512;73.98;79.5775;41.08;105.444;33.6538;27.718;105.2873;108.26
2017-01-11;59.7097;37.2285;114.122;75.77;80.057;41.28;105.926;34.0314;27.5081;103.9918;108.99
2017-01-12;59.1616;37.3142;113.645;75.21;79.6362;41.56;106.81;33.8104;27.4078;102.2909;108.59
2017-01-13;59.2467;37.3713;113.445;75.64;79.4404;41.6;106.8;33.8841;27.4352;102.281;108.53
2017-01-17;59.086;37.219;114.36;75.02;79.5285;41.27;106.506;33.893299999999996;27.3622;99.9868;108.0
2017-01-18;59.0577;37.3047;114.351;75.78;79.8515;41.35;106.761;33.8564;27.3987;101.8064;108.79
2017-01-19;58.8687;37.3237;114.151;75.57;79.9885;41.27;106.633;33.6814;27.353;103.9918;109.79
2017-01-20;59.2845;37.952;114.36;76.03;80.0962;41.69;108.038;34.0222;27.4625;102.8546;110.71
2017-01-23;59.4924;37.7711;114.436;76.16;80.3996;41.62;107.714;33.8656;27.6176;103.9226;110.97
2017-01-24;60.0215;38.1709;114.332;77.11;81.4566;41.96;107.999;34.6485;27.9187;106.1377;113.72
2017-01-25;60.1727;38.2185;116.152;78.47;82.1123;41.71;108.264;34.8143;28.01;106.5926;114.25
2017-01-26;60.730199999999996;38.1995;116.209;77.95;81.4663;41.5;107.468;34.5932;28.0464;108.4319;112.88
2017-01-27;62.157;38.2946;116.219;78.21;81.985;40.27;107.92;34.9801;28.2654;110.5284;113.99
2017-01-30;61.5428;38.2946;115.914;78.71;81.9165;39.86;107.39;34.4643;28.1286;108.7978;113.82
2017-01-31;61.0893;38.1804;115.647;79.1;80.9476;39.78;104.472;33.9117;28.0282;107.9672;113.38
2017-02-01;60.0782;37.9234;122.699;78.58;80.6834;39.31;103.165;33.6354;27.8275;112.6842;113.36
2017-02-02;59.6908;38.0567;122.489;80.13;80.5464;39.58;103.302;33.7827;28.4479;114.1082;113.16
2017-02-03;60.1727;38.485;123.013;80.21;84.2458;39.59;104.717;33.8755;28.5756;113.1094;115.17
2017-02-06;60.1349;38.1709;124.167;79.75;84.0012;39.74;104.727;33.6436;28.5574;116.0069;114.46
2017-02-07;59.9365;38.1423;125.348;80.21;83.9522;40.02;104.737;33.7178;28.6942;117.8066;114.96
2017-02-08;59.8514;38.0947;125.834;80.7;83.2769;40.88;104.855;33.7456;28.53;117.2924;116.13
2017-02-09;60.5318;38.2946;126.744;81.03;83.7565;40.83;105.425;32.8923;28.7399;115.0872;116.44
2017-02-10;60.4751;38.8277;126.457;80.64;84.0697;40.58;105.395;32.781;28.749;112.3578;116.85
2017-02-13;61.1554;39.1133;127.576;80.91;84.5982;41.17;106.388;33.2076;29.1687;107.1761;117.65
2017-02-14;61.3836;39.1228;129.232;80.92;84.9994;41.62;106.977;33.3282;29.4789;107.5716;117.58
2017-02-15;61.3456;39.4179;129.701;81.67;85.8378;41.87;107.744;33.4395;29.9442;107.7892;118.73
2017-02-16;61.3361;39.5892;129.543;80.82;85.7103;42.15;107.39;33.7735;30.6558;106.0586;118.93
2017-02-17;61.4311;40.0366;129.902;81.47;85.7593;41.96;107.508;33.8384;30.7836;106.0388;119.67
2017-02-21;61.3075;40.2365;130.84;82.18;86.2104;42.43;108.235;33.8755;31.1394;109.8362;119.63
2017-02-22;61.1839;40.465;131.233;82.08;86.0927;42.42;107.527;33.4581;31.1029;109.6679;119.47
2017-02-23;61.4311;40.893299999999996;130.677;82.07;86.4653;42.53;108.805;33.5601;31.0573;99.4991;118.83
2017-02-24;61.4311;41.0932;130.802;81.78;86.7105;43.07;109.06;33.8848;31.3128;100.4596;119.31
2017-02-27;61.0604;40.6458;131.06;81.54;86.2888;42.64;108.638;33.8662;31.258;103.3805;118.78
2017-02-28;60.8227;40.5411;131.118;81.35;86.23;42.0;108.53;33.5787;31.185;100.4794;118.34
2017-03-01;61.7353;40.855199999999996;133.798;83.81;87.2596;42.43;110.347;33.3282;31.4222;101.7764;120.35
2017-03-02;60.8512;40.8267;133.003;82.67;86.8085;42.77;109.384;33.3097;31.3766;98.0238;119.9
2017-03-03;61.0794;40.6363;133.788;82.22;87.0635;43.03;109.787;33.3004;31.2854;97.4594;120.04
2017-03-06;61.0984;40.5221;133.367;82.5;87.2106;42.87;109.414;32.9943;31.1941;96.7069;120.15
2017-03-07;61.222;40.5506;133.539;82.97;87.3282;42.89;109.021;33.2076;31.2033;97.7664;119.98
2017-03-08;61.7829;40.5602;133.042;83.48;87.2302;42.79;109.04;33.0407;31.039;97.5881;119.6
2017-03-09;61.5357;40.3983;132.735;83.28;87.3773;42.92;108.854;33.2262;31.0847;97.5683;119.91
2017-03-10;61.7258;40.6268;133.176;83.51;87.9852;42.99;109.266;33.3097;31.258;98.1426;121.09
2017-03-13;61.5167;40.5316;133.233;83.61;88.3578;42.59;109.581;32.614;31.112;100.8457;121.8
2017-03-14;61.2315;40.7315;133.032;83.51;87.8087;42.1;108.559;32.6325;31.1303;100.7764;121.44
2017-03-15;61.5547;40.979;134.439;83.48;88.1715;42.39;110.062;32.5583;31.2398;101.5388;122.11
2017-03-16;61.4501;43.5301;134.659;83.52;88.2892;42.4;110.701;32.5954;31.2306;102.7864;122.35
2017-03-17;61.6688;43.4634;133.989;83.03;88.4853;43.08;110.858;32.716;31.2306;105.0241;127.01
2017-03-20;61.7258;43.0541;135.396;82.9;87.4459;43.16;110.445;32.8644;31.2763;108.3708;126.31
2017-03-21;61.0414;42.6829;133.846;81.55;86.3477;42.64;108.775;32.5027;30.9113;104.8657;125.07
2017-03-22;61.8209;42.6353;135.358;81.88;86.7987;43.19;109.502;32.8088;31.112;107.0044;126.21
2017-03-23;61.6688;42.7876;134.879;81.52;87.1321;43.14;109.65;32.716;30.9843;106.034;126.87
2017-03-24;61.7734;42.502;134.611;81.61;87.4557;43.13;110.023;32.614;31.0938;106.4103;127.7
2017-03-27;61.8874;42.6829;134.841;81.61;87.2204;43.08;109.984;32.8273;31.0117;107.1826;128.25
2017-03-28;62.0681;42.5401;137.636;82.14;87.3871;43.15;110.504;33.0221;31.039;106.6281;128.69
2017-03-29;62.2392;42.3783;137.942;82.38;87.4459;43.24;110.102;32.9943;30.7836;106.2816;129.58
2017-03-30;62.4673;42.5306;137.76;82.56;87.2792;43.54;110.701;33.1613;30.7836;108.3213;129.61
2017-03-31;62.6099;42.4639;137.502;82.49;87.1419;43.02;110.504;33.4581;30.8383;107.8559;130.13
2017-04-03;62.3152;42.4639;137.54;82.31;87.6224;42.63;110.278;33.5416;30.6376;107.3113;129.59
2017-04-04;62.4863;42.4449;138.564;82.97;87.0537;42.72;110.131;33.6529;30.748;99.7863;130.04
2017-04-05;62.3247;42.3497;137.846;85.34;87.2988;42.89;110.328;33.5972;30.3707;99.0437;129.89
2017-04-06;62.4863;42.0546;137.502;85.0;87.3577;42.9;110.682;33.421;30.4443;99.7665;130.15
2017-04-07;62.4388;42.1593;137.196;84.38;87.0145;43.04;110.495;33.421;30.3339;99.3407;130.22
2017-04-10;62.2962;42.0637;137.033;84.24;87.1321;43.05;110.574;33.2076;30.3799;96.8059;130.16
2017-04-11;62.2487;42.2263;135.559;83.86;87.1223;42.69;110.367;33.152;30.2971;97.1525;129.95
2017-04-12;62.011;42.2358;135.722;83.37;86.9556;42.49;109.737;33.05;30.021;96.3505;129.38
2017-04-13;61.7448;42.0637;135.004;83.13;87.1419;42.55;109.491;32.6975;29.8369;94.5484;129.05
2017-04-17;62.2487;42.341;135.75;84.2;88.0637;43.1;110.919;32.9108;30.0118;98.2515;129.99
2017-04-18;62.1631;42.5608;135.147;83.71;87.9852;43.09;110.771;33.1752;30.067;98.311;129.81
2017-04-19;61.8304;42.2454;134.65;83.5;88.0048;43.3;110.545;33.3097;30.0486;98.6971;130.22
2017-04-20;62.2677;42.5704;136.334;84.05;89.3776;43.69;112.809;33.5601;30.2142;100.2615;131.42
2017-04-21;63.1233;42.4748;136.171;83.79;89.3776;43.81;112.494;33.69;30.205;100.6774;131.52
2017-04-24;64.1975;42.8668;137.483;84.17;90.064;44.27;113.902;34.0889;30.6284;101.9349;132.89
2017-04-25;64.5683;42.752;138.335;84.75;90.3189;44.71;114.325;34.2002;30.7572;103.7072;133.49
2017-04-26;64.4827;42.7234;137.521;84.95;90.0346;44.41;114.364;34.2558;30.7388;102.9943;132.79
2017-04-27;64.901;42.7998;137.626;85.85;89.8188;47.15;115.28;34.7196;31.0609;104.5983;133.38
2017-04-28;65.0816;42.9815;137.492;86.12;89.4462;47.72;114.512;33.5323;31.3554;103.2715;133.74
2017-05-01;65.9847;43.0675;140.297;86.66;89.4855;47.54;114.561;33.6807;31.2634;105.5885;135.11
2017-05-02;65.8802;43.144;141.187;87.09;90.7406;49.05;116.284;34.2929;31.5119;102.4596;135.0
2017-05-03;65.671;42.9146;140.756;86.55;90.6425;49.02;115.506;34.5569;31.5211;103.222;134.85
2017-05-04;65.4143;43.469;140.249;86.52;90.819;48.91;116.087;34.4354;31.4567;102.826;134.61
2017-05-05;65.595;43.5742;142.575;86.97;90.2993;49.3;115.674;34.4074;31.65;102.8359;134.84
2017-05-08;65.5379;43.5551;146.451;86.86;90.1326;49.17;114.797;34.1457;31.5579;101.7566;135.12
2017-05-09;65.633;43.4786;147.389;87.13;90.2111;49.22;114.6;33.9869;31.199;101.925;135.6
2017-05-10;65.8897;43.5264;146.69;87.31;90.4562;49.79;114.837;33.6505;31.0517;120.094;136.15
2017-05-11;65.0816;43.1727;147.959;87.71;90.3091;49.7;114.719;33.3514;30.9505;125.2526;136.29
2017-05-12;65.0056;43.0962;150.025;89.04;90.9269;49.37;115.309;33.2019;30.7848;126.6289;136.84
2017-05-15;65.0531;43.3256;149.641;89.8;91.4172;49.77;116.372;33.2954;31.5027;132.9856;137.6
2017-05-16;66.363;43.297;149.42;89.75;91.3387;50.34;116.648;33.4729;31.5671;135.461;138.03
2017-05-17;64.5177;42.2836;144.403;87.84;90.1354;49.05;114.984;32.744;31.1254;126.4606;134.33
2017-05-18;64.7376;42.2263;146.604;87.75;90.0863;49.11;114.433;32.9122;28.8798;131.7579;134.54
2017-05-19;64.7185;42.3601;147.104;87.4;90.8426;49.39;115.752;33.0804;28.723300000000002;134.8008;136.43
2017-05-22;65.4451;42.666;147.997;88.94;91.6579;49.77;117.15;33.4262;29.073;137.6752;138.86
2017-05-23;65.665;42.5991;147.815;88.49;92.1982;50.13;117.741;33.5103;29.2295;135.8217;139.52
2017-05-24;65.7511;42.8572;147.373;89.6;93.1314;51.05;118.824;33.7533;28.981;137.3481;141.12
2017-05-25;66.5637;43.2109;147.882;91.27;93.3573;50.93;120.025;33.8841;28.935;137.0409;142.85
2017-05-26;66.8888;43.268299999999996;147.632;90.83;92.9939;51.19;119.739;33.8841;28.9902;140.5893;141.89
2017-05-30;67.3191;43.4212;147.69;90.86;93.043;51.06;119.759;33.8093;29.1559;143.5926;142.41
2017-05-31;66.7741;43.3926;146.815;89.64;93.544;52.21;120.97;33.7439;29.0178;143.0772;141.86
2017-06-01;67.0227;43.775;147.219;90.05;93.7109;53.16;121.482;33.7533;29.2847;143.0871;141.38
2017-06-02;68.6098;43.6507;149.401;90.86;94.4477;53.52;123.254;33.9402;29.432;142.3734;143.48
2017-06-05;69.107;43.8992;147.94;91.38;94.8406;53.8;123.943;33.9588;29.2295;146.7049;143.59
2017-06-06;69.3364;43.6029;148.439;91.1;94.094;53.4;123.293;33.7626;29.0454;146.0408;143.03
2017-06-07;69.2121;43.4021;149.324;91.39;94.3887;53.85;123.244;33.8841;29.0915;147.8051;143.62
2017-06-08;68.7915;43.4212;148.958;91.25;94.3887;54.39;122.821;34.0897;29.0915;158.5297;142.63
2017-06-09;67.233;43.0484;143.182;87.27;92.8858;53.4;121.127;33.3701;28.8706;148.2809;138.05
2017-06-12;66.7167;42.8763;139.761;86.18;91.8446;52.16;118.883;33.3888;28.7601;148.6476;137.25
2017-06-13;67.5485;43.0006;140.885;87.27;93.3966;52.06;120.419;33.529;29.1743;150.065;139.09
2017-06-14;67.1852;42.8381;139.511;87.17;93.6324;51.9;120.596;33.2019;29.0822;150.3822;138.25
2017-06-15;66.8315;42.7138;138.675;86.27;92.5027;52.29;119.533;32.9963;29.0638;151.0265;137.52
2017-06-16;66.9271;43.1058;136.733;86.0;92.5027;51.84;120.064;32.9029;29.1099;150.2831;137.84
2017-06-19;67.7589;43.7176;140.645;87.54;93.1117;52.93;121.177;33.1832;29.4412;155.9328;140.35
2017-06-20;66.841;43.8228;139.367;86.92;92.709;52.52;121.019;32.5758;29.3123;155.7048;140.91
2017-06-21;67.1852;44.2912;140.193;87.56;92.8662;53.54;121.186;32.3142;29.3031;158.0638;144.24
2017-06-22;67.1756;48.0865;139.963;88.47;92.2866;53.87;121.383;32.1086;29.3123;156.9735;143.69
2017-06-23;68.0839;48.7079;140.587;88.62;93.8878;54.33;122.082;31.9497;29.5332;152.4736;145.41
2017-06-26;67.4338;48.6218;140.145;88.11;93.5341;53.74;121.6;31.8376;29.6713;150.8084;144.96
2017-06-27;66.1717;48.5167;138.137;87.68;93.2198;52.73;120.832;31.4451;29.2295;145.2875;142.54
2017-06-28;66.7358;48.6314;140.155;88.09;94.5263;54.39;122.87;31.9591;29.524;150.4119;143.81
2017-06-29;65.4833;47.9909;138.089;86.8;92.7483;53.42;119.621;31.3423;28.9074;145.3866;141.24
2017-06-30;65.904;47.9335;138.415;86.6;92.1196;53.67;119.562;31.5292;28.8062;143.2853;141.44
2017-07-03;65.1774;47.1879;137.916;86.1;91.6972;52.87;118.903;31.2676;28.8338;138.1014;138.41
2017-07-05;66.0474;47.2835;138.483;87.5;92.3456;54.61;120.303;32.0899;28.8988;141.7886;141.21
2017-07-06;65.5598;46.7003;137.176;86.85;91.599;53.47;119.139;31.4264;28.5365;142.2148;140.75
2017-07-07;66.4108;47.1783;138.569;87.92;92.2571;53.97;120.52;31.66;28.7037;145.4659;142.22
2017-07-10;66.9079;47.4364;139.415;88.5;93.4064;54.94;121.043;31.4451;28.778;152.3447;143.34
2017-07-11;66.9175;47.685;139.867;88.35;93.7208;54.76;122.522;31.697400000000002;28.8802;154.5055;142.93
2017-07-12;68.0266;48.2299;140.068;90.4;94.4771;56.55;123.558;32.0058;28.9452;161.077;145.91
2017-07-13;68.6194;48.1343;142.019;89.57;94.2414;57.9;123.745;31.9964;29.0474;159.2136;145.05
2017-07-14;69.585;48.3351;143.24;90.0;95.2139;57.16;125.264;32.4076;29.1868;163.4955;146.16
2017-07-17;70.13;48.4022;143.74;89.29;95.1156;57.58;125.678;32.2114;29.2611;162.8017;146.4
2017-07-18;70.0822;48.4118;144.24;89.27;95.8523;58.96;125.974;32.2674;29.2704;164.4966;147.89
2017-07-19;70.6176;48.9396;145.143;89.56;96.5105;58.35;126.28;32.2955;29.6326;163.6442;148.92
2017-07-20;70.9618;49.0643;144.489;90.54;96.373;59.09;126.704;32.473;29.5955;166.023;149.94
2017-07-21;70.5507;48.7477;144.422;89.69;97.8366;58.67;127.493;32.4543;29.5769;166.6177;149.52
2017-07-24;70.369;48.7093;146.171;89.67;98.593;58.58;127.739;32.2394;29.5955;164.6849;149.53
2017-07-25;70.9331;49.1027;146.796;90.63;98.2197;58.26;128.193;32.3983;29.837;163.892;148.21
2017-07-26;70.7993;49.1027;147.488;91.07;99.0645;58.79;129.189;32.473;29.4097;165.7852;149.78
2017-07-27;69.9483;48.4118;144.701;90.51;97.8071;60.15;127.157;32.6786;29.3261;160.3138;146.2
2017-07-28;69.8336;48.2679;143.682;90.62;97.3946;59.2;126.151;32.9963;29.2796;162.9405;146.73
2017-07-31;69.5085;47.9128;142.942;90.8;97.7973;58.55;126.043;33.1458;29.2146;161.077;146.49
2017-08-01;69.3938;48.1335;144.211;91.22;99.0841;59.34;127.71;33.9682;29.4004;163.0396;147.36
2017-08-02;69.0878;47.7593;151.025;89.89;99.4868;59.12;128.814;34.2392;29.2796;162.9405;147.13
2017-08-03;68.9827;48.2007;149.516;90.35;98.8091;58.42;128.104;34.3545;29.3168;165.012;147.79
2017-08-04;69.4894;47.9416;150.304;90.45;99.1037;58.86;128.035;34.1756;29.5397;165.7356;147.71
2017-08-07;69.2217;47.6345;152.63;90.5;99.6931;59.62;128.588;34.298;29.5769;170.8303;148.44
2017-08-08;69.5946;47.1164;153.85;90.26;99.4868;59.48;128.055;34.2792;29.419;168.7983;147.81
2017-08-09;69.2886;47.078;154.792;90.12;99.1823;59.67;127.937;34.4487;29.3725;170.5924;148.35
2017-08-10;68.2752;46.1568;149.862;87.63;97.7285;58.02;125.915;34.025;28.7966;163.2874;144.92
2017-08-11;69.3173;46.2911;151.946;88.29;98.3179;58.04;126.783;33.7708;29.2332;154.5848;146.47
2017-08-14;70.3595;46.8765;154.233;90.25;100.0664;59.06;129.288;34.2133;29.5769;166.9151;149.16
2017-08-15;70.3787;46.8573;155.921;90.7;100.8129;59.69;129.771;33.8932;29.8091;165.5076;150.36
2017-08-16;70.792;47.2603;155.294;92.24;101.6542;60.29;130.55;33.7143;30.0414;163.6938;151.8
2017-08-17;69.5905;46.5886;152.313;90.88;100.5129;59.29;129.081;33.1118;28.8338;160.0462;148.23
2017-08-18;69.677;46.6558;151.965;90.76;100.8572;59.44;129.337;32.9611;28.2114;160.0759;147.97
2017-08-21;69.3502;46.9244;151.685;91.76;101.5558;59.4;130.126;32.8764;28.4993;157.7467;149.26
2017-08-22;70.321;47.2699;154.165;92.95;102.3921;60.84;131.961;32.6222;29.0474;161.2585;152.25
2017-08-23;69.8981;47.0876;154.358;93.07;101.5164;60.05;131.241;32.6316;28.7223;164.4827;151.1
2017-08-24;69.8693;47.2027;153.673;94.15;101.5558;60.0;131.132;32.6787;29.0195;163.8776;150.81
2017-08-25;69.9942;47.2507;154.242;94.1;101.6837;59.97;130.925;32.641;29.2053;162.5085;151.45
2017-08-28;70.0038;47.2507;155.796;93.66;102.1067;60.53;132.01;32.6222;29.2982;163.6593;151.79
2017-08-29;70.2153;47.4522;157.185;93.83;102.0969;61.01;132.0;32.6975;29.2425;163.3914;152.14
2017-08-30;71.138;47.7881;157.61;94.86;102.0575;61.77;131.961;32.8482;29.7162;164.3637;153.67
2017-08-31;71.8685;48.2967;158.237;95.49;101.8509;61.68;131.467;33.0176;29.9206;168.0938;155.16
2017-09-01;71.0707;48.575;158.285;96.01;102.2248;61.46;131.408;33.0364;30.0042;169.1057;155.06
2017-09-05;70.7536;48.8724;156.384;96.18;101.3491;61.27;130.836;32.9705;29.3725;164.5918;154.28
2017-09-06;70.5517;48.9492;156.22;95.82;101.5164;61.24;131.063;33.6672;29.6048;164.4926;153.76
2017-09-07;71.4552;49.6401;155.593;96.73;102.8742;62.0;134.653;33.4601;29.5026;165.2565;155.47
2017-09-08;71.1092;49.4962;153.055;96.43;102.7463;61.13;135.333;33.1306;29.2425;162.3895;155.34
2017-09-11;71.8589;50.3694;155.825;97.71;104.4385;62.64;140.038;33.6767;29.902;167.6573;156.87
2017-09-12;71.782;50.6381;155.207;96.85;104.4976;62.56;140.462;33.9779;30.1064;168.2624;156.31
2017-09-13;72.2915;50.6669;154.04;95.61;104.1237;62.04;138.174;34.2039;29.8927;169.0164;156.24
2017-09-14;71.8685;50.6573;152.718;95.3;104.3697;62.24;139.525;34.3451;29.902;168.0541;154.95
2017-09-15;72.3876;46.7709;154.262;94.63;103.6022;62.5;139.634;34.8347;30.1343;178.679;154.49
2017-09-18;72.2434;46.3775;153.094;95.74;103.1398;62.92;139.456;34.8347;30.2086;186.0599;155.77
2017-09-19;72.5125;46.0992;153.152;95.35;103.7105;63.83;140.531;35.0512;30.1807;185.8615;156.6
2017-09-20;72.0319;46.032;150.585;95.21;103.2775;64.74;140.284;34.9006;30.2829;184.3635;149.96
2017-09-21;71.3303;46.032;148.0;94.86;103.6121;64.63;139.772;35.023;30.3758;179.3239;149.3
2017-09-22;71.5225;46.2143;146.552;94.94;103.858;65.08;139.939;35.0041;30.9981;177.5778;148.5
2017-09-25;70.4171;46.032;145.259;92.47;101.359;63.5;136.665;34.9853;31.3233;169.6414;144.57
2017-09-26;70.4171;45.984;147.758;92.34;101.2803;62.94;136.468;35.2772;31.3604;170.5938;145.4
2017-09-27;70.9842;46.2143;148.81;93.21;102.215;63.33;137.75;35.3431;31.1003;174.3338;146.43
2017-09-28;71.0035;46.1376;147.894;92.6;102.8938;63.93;138.273;35.6161;30.9796;174.2842;146.83
2017-09-29;71.5994;46.3967;148.704;93.42;103.5432;64.03;139.259;35.8515;31.2397;177.3497;149.18
2017-10-02;71.7147;46.8285;148.405;93.94;103.74;64.18;139.87;36.7553;31.3511;177.5778;147.94
2017-10-03;71.3783;46.7229;149.051;95.36;103.8876;64.22;141.054;37.0754;31.444;177.9449;148.6
2017-10-04;71.7916;46.9244;148.086;95.52;103.6121;64.01;140.137;37.0377;31.3316;179.433;147.95
2017-10-05;73.022;46.934;149.929;95.73;104.5271;65.82;141.994;37.2166;31.4721;179.3338;150.25
2017-10-06;73.0508;46.4446;149.843;96.32;105.0092;66.05;141.766;37.3108;31.6221;179.8596;151.12
2017-10-09;73.3296;46.4063;150.364;96.27;105.2847;66.23;142.784;37.5273;31.6314;183.9171;151.5
2017-10-10;73.3296;46.4448;150.421;95.39;105.5798;66.04;143.87;37.3296;31.4347;187.4289;152.15
2017-10-11;73.4545;46.5122;151.049;96.01;106.6916;67.78;145.056;37.0001;31.4721;189.423;153.65
2017-10-12;74.1273;46.4641;150.518;96.74;106.3669;68.86;144.947;36.8965;31.1629;189.5123;153.61
2017-10-13;74.483;46.8301;151.473;96.94;106.9081;68.66;145.54;37.3484;31.3597;193.044;153.93
2017-10-16;74.6368;47.071;154.262;97.15;106.5539;67.31;144.433;37.4331;31.4253;196.3574;150.46
2017-10-17;74.5791;47.3889;154.831;96.72;105.8061;66.67;144.147;37.4614;31.4815;196.1789;150.38
2017-10-18;74.5983;47.7646;154.146;96.44;106.0619;67.26;144.404;37.8945;31.4347;196.0102;153.0
2017-10-19;74.8867;47.543;150.499;97.19;105.2945;67.25;143.209;37.7438;31.6221;196.2285;171.73
2017-10-20;75.7518;47.4467;150.759;98.9;105.816;70.97;143.604;38.0639;32.0905;195.3356;175.64
2017-10-23;75.771;47.5045;150.682;98.44;105.7963;69.8;143.781;38.4405;32.1842;195.0578;172.16
2017-10-24;75.7998;48.15;151.579;98.66;106.6621;70.21;144.019;38.5535;32.3997;197.1015;171.58
2017-10-25;75.5787;47.8802;150.914;99.59;107.7247;71.02;144.453;38.3935;32.1374;192.1214;171.83
2017-10-26;75.7037;48.3138;151.878;100.05;108.0297;71.34;144.799;38.9301;32.1093;194.1352;173.75
2017-10-27;80.5577;49.017;157.32;100.7;107.9411;71.06;146.705;41.8016;32.2592;200.2562;177.33
2017-10-30;80.6346;48.8243;160.861;100.7;108.2658;71.15;147.13;41.7734;31.8938;202.2205;176.03
2017-10-31;79.9522;49.0363;163.1;102.34;108.2068;72.56;146.952;42.8278;31.9968;205.1669;175.16
2017-11-01;79.9522;48.7858;161.025;101.95;109.2792;72.38;147.071;43.9764;32.4372;205.5538;176.25
2017-11-02;80.7884;48.439;162.202;102.6;109.1906;72.25;146.439;44.3436;32.053;204.3038;180.94
2017-11-03;80.8749;48.3427;166.438;102.71;109.5645;73.39;147.466;43.6281;32.2967;207.0319;182.3
2017-11-06;81.1921;48.5546;168.127;102.42;110.1155;74.74;148.256;44.2271;32.2404;207.9645;180.8
2017-11-07;80.9999;48.6413;168.667;102.72;110.2828;74.41;148.138;44.3028;32.2311;210.3454;180.88
2017-11-08;81.2786;48.6895;170.047;105.03;110.6566;74.77;148.138;44.2271;32.3248;207.4982;184.06
2017-11-09;80.8269;47.4371;169.699;103.6;110.3319;74.1;147.466;43.8483;31.9031;203.6887;181.92
2017-11-10;80.6154;47.5141;169.138;105.24;110.0761;73.99;147.713;43.1664;31.8469;214.4228;181.72
2017-11-13;80.6731;47.5912;168.46;105.78;109.6039;74.03;147.861;43.3274;31.8094;210.9406;181.85
2017-11-14;80.7884;47.3985;165.913;106.23;110.1745;74.49;148.118;43.4316;31.8938;212.4783;181.32
2017-11-15;80.1605;47.0325;163.725;105.43;108.4724;73.43;146.518;43.0527;31.9594;208.3117;180.08
2017-11-16;80.373;47.3985;165.681;107.03;109.4235;77.7;148.493;43.2327;33.6178;209.9287;182.3
2017-11-17;79.6002;47.1481;164.761;107.58;108.2408;76.38;147.199;42.2667;33.6365;209.6807;182.24
2017-11-20;79.7258;47.2251;164.596;107.37;108.3689;76.01;147.733;42.2572;34.1987;212.3791;182.34
2017-11-21;80.8754;46.8494;167.656;108.8;109.8474;77.77;150.647;42.5603;34.3392;214.3335;184.15
2017-11-22;80.2861;46.8012;169.418;106.83;109.2264;77.57;149.402;42.2856;34.1518;213.3705;182.9
2017-11-24;80.431;47.2155;169.428;107.15;110.3599;78.57;150.874;42.3803;34.1893;215.3858;184.46
2017-11-27;81.0203;47.0903;168.576;106.58;110.764;77.84;151.101;42.1341;34.5453;212.5862;185.0
2017-11-28;81.996;47.2155;167.588;106.46;111.7299;77.79;152.306;42.3614;35.3511;209.1811;185.4
2017-11-29;80.5083;46.7434;164.112;103.53;108.2802;73.25;146.537;41.6227;35.1169;194.9948;176.85
2017-11-30;81.3101;47.2637;166.407;104.32;110.971;75.73;148.631;42.4656;34.9482;199.2537;181.47
2017-12-01;81.397;47.7935;165.632;103.83;109.1377;75.3;147.861;42.314;35.2293;196.2457;179.52
2017-12-04;78.3251;46.6278;164.422;99.85;105.8852;70.97;141.677;42.1341;35.3417;185.3056;168.44
2017-12-05;78.8177;46.2328;164.267;100.69;107.0186;71.2;143.357;41.1397;34.9576;186.3778;167.54
2017-12-06;79.9673;46.6471;163.657;102.92;108.1619;73.14;145.619;41.1492;35.0513;187.8868;173.52
2017-12-07;79.6872;46.7434;163.957;104.07;109.7981;73.69;147.624;40.7988;35.0419;190.597;174.61
2017-12-08;81.3004;47.7839;164.006;103.44;110.9808;72.91;148.059;41.0545;35.2387;190.1006;173.57
2017-12-11;82.3341;48.622;167.201;104.54;110.7541;73.29;149.036;41.3481;35.5666;193.2476;174.31
2017-12-12;82.6722;48.545;166.262;103.67;111.8285;73.62;150.637;41.0355;35.519800000000004;189.4553;172.54
2017-12-13;82.45;48.2174;166.814;103.94;111.6806;74.09;149.837;41.045;35.7446;184.8291;176.83
2017-12-14;81.8124;48.3523;166.765;104.24;111.2962;74.26;150.074;40.9692;35.5104;185.117;175.0
2017-12-15;83.899;46.5315;168.46;105.48;112.1833;75.65;151.526;42.2004;35.7821;190.1701;177.51
2017-12-18;83.445;45.9631;170.832;105.08;111.9172;75.32;151.249;43.8104;36.0538;196.4641;176.74
2017-12-19;82.9137;46.0691;169.012;104.26;110.5274;74.5;149.827;44.5491;35.8852;194.6871;174.97
2017-12-20;82.6142;46.1461;168.828;103.39;110.5077;74.0;149.599;45.0415;36.2974;195.3721;174.25
2017-12-21;82.5949;45.5488;169.467;103.62;110.7936;74.02;148.691;44.2839;36.1007;194.4687;174.56
2017-12-22;82.6045;45.6259;169.467;102.63;111.0695;73.89;149.007;44.2271;36.1194;193.8532;175.0
2017-12-26;82.4983;45.6933;165.168;102.54;111.3652;74.27;149.432;43.6399;36.0538;196.0074;174.44
2017-12-27;82.7977;45.6452;165.197;102.65;112.3804;74.59;149.55;43.6683;36.1288;195.7394;175.36
2017-12-28;82.8074;45.7801;165.661;102.79;112.7057;74.17;149.916;43.7725;36.1569;195.9677;175.55
2017-12-29;82.6335;45.5488;163.87;102.23;112.3804;73.62;149.511;43.7157;35.8852;192.096;175.24
2018-01-02;83.0296;44.9226;166.804;104.41;112.8634;73.84;150.054;44.3691;36.4099;197.9036;177.7
2018-01-03;83.416;45.9631;166.775;105.29;113.987;76.75;151.941;42.8633;36.7003;210.9284;181.04
2018-01-04;84.1502;46.4159;167.55;106.68;114.4108;76.73;153.906;42.0773;36.8042;212.0402;183.22
2018-01-05;85.1935;46.6953;169.457;108.1;117.1508;78.7;157.097;42.3709;37.3139;213.8371;185.34
2018-01-08;85.2804;47.1866;168.828;108.86;117.6239;79.05;157.572;42.3709;37.7009;220.3892;185.04
2018-01-09;85.2225;47.4477;168.808;109.15;117.3972;79.19;157.799;41.3102;37.4649;220.3296;186.7
2018-01-10;84.8361;47.1963;168.77;108.8;117.2691;79.37;158.155;40.2495;37.6726;222.057;187.11
2018-01-11;85.0872;47.3413;169.728;109.1;118.1167;79.75;159.204;41.1113;37.8519;222.4541;188.92
2018-01-12;86.5556;47.8829;171.481;110.24;118.3631;80.54;160.599;40.9503;38.5788;221.3621;195.05
2018-01-16;85.348;47.9603;170.61;108.89;118.6588;80.42;160.559;40.8556;38.2673;218.5129;192.46
2018-01-17;87.0772;48.618;173.427;110.04;120.2259;82.47;162.568;42.0394;38.8903;223.0895;196.49
2018-01-18;87.0386;48.5793;173.582;111.77;121.3397;82.94;163.715;42.1246;38.9846;222.8115;196.2
2018-01-19;86.942;48.9178;172.808;111.93;120.9356;83.84;165.051;42.4466;38.9752;228.4404;195.73
2018-01-22;88.4973;49.0435;171.394;112.89;122.5421;83.98;166.486;43.3274;39.3245;231.9944;197.84
2018-01-23;88.7774;49.44;171.433;113.24;122.8575;84.21;165.407;43.621;39.7398;237.1765;200.09
2018-01-24;88.7001;49.7592;168.702;112.85;122.759;83.71;165.229;43.1001;39.8059;234.0891;197.78
2018-01-25;89.1928;49.9042;165.69;111.96;123.4193;84.34;166.792;42.9012;39.551;234.6351;197.51
2018-01-26;90.864;51.0165;166.078;113.7;124.5035;85.45;168.524;47.4281;40.174;241.5644;201.3
2018-01-29;90.7288;50.2331;162.64;113.3;123.0448;84.31;166.753;47.3334;40.4478;245.0589;198.23
2018-01-30;89.5889;49.2853;161.682;112.23;121.7734;83.78;165.407;46.2064;39.8814;240.9589;196.9
2018-01-31;91.7818;49.8946;162.127;113.91;122.4436;85.32;167.198;45.5908;39.2112;244.0165;199.76
2018-02-01;91.0572;49.9333;162.466;112.74;123.9122;78.4;171.086;45.1268;39.3622;238.755;199.38
2018-02-02;88.6615;48.4826;155.416;110.78;119.1713;76.57;168.731;43.7062;38.6354;231.8256;195.64
2018-02-05;85.0099;46.5096;151.533;107.65;114.598;74.705;162.835;42.1625;36.6059;212.1494;190.27
2018-02-06;88.2268;47.7765;157.866;109.57;118.2448;75.68;167.475;42.8204;37.918;223.9432;194.47
2018-02-07;86.5652;47.264;154.487;110.05;117.9294;75.59;166.931;43.0969;38.0785;227.1399;192.34
2018-02-08;82.1215;45.3007;150.236;104.03;112.2227;72.32;158.907;40.7609;36.5965;215.9417;185.16
2018-02-09;85.1838;46.1614;152.074;106.98;114.6473;74.75;163.438;41.9051;37.3139;230.3961;187.99
2018-02-12;86.1015;46.5676;158.199;108.55;116.7664;75.28;166.397;42.7441;38.3239;226.3755;192.15
2018-02-13;86.7778;46.8965;159.784;107.69;116.6481;74.97;168.306;42.3913;38.9186;230.9421;193.48
2018-02-14;88.1365;47.8249;162.73;109.02;119.0925;77.27;170.68;43.2685;39.7304;239.6683;197.13
2018-02-15;89.9321;48.9758;168.194;113.12;120.7315;78.295;172.827;43.7834;41.6088;244.7114;202.97
2018-02-16;89.2915;49.0435;167.649;112.86;120.3069;78.37;173.777;43.4402;41.8448;242.0707;201.56
2018-02-20;89.9903;48.2504;167.085;114.35;120.4649;77.06;173.48;44.1648;41.5899;247.2727;202.98
2018-02-21;88.7965;47.8056;166.327;114.48;118.9049;76.51;170.482;43.8025;40.882;239.7577;202.09
2018-02-22;89.0295;47.9603;167.717;113.0;118.8555;77.7;171.106;43.669;40.5327;240.5424;202.61
2018-02-23;91.2909;48.8404;170.634;114.96;121.3732;79.69;173.886;45.5092;41.5333;244.2973;209.74
2018-02-26;92.6108;49.4884;174.008;116.65;123.0122;79.35;175.973;46.825;42.817;244.943;212.15
2018-02-27;91.4267;49.0628;173.444;116.47;121.8076;79.46;174.054;47.5878;42.515;244.4265;208.82
2018-02-28;91.0094;49.0048;173.182;116.25;121.3831;79.41;173.886;46.9966;42.2696;240.3934;209.13
2018-03-01;90.1165;48.0764;170.148;119.43;118.8753;78.64;171.64;45.6141;41.3445;230.6684;206.03
2018-03-02;90.3106;48.6663;171.325;121.92;119.2406;78.87;173.154;46.701;41.5899;234.9697;209.79
2018-03-05;90.8832;49.6044;171.918;122.5;120.3365;79.07;176.626;47.4352;42.0241;234.0856;211.16
2018-03-06;90.5726;49.8075;171.772;124.48;119.5269;79.23;175.637;48.3505;41.807;240.5523;212.01
2018-03-07;91.0968;50.0203;170.177;125.33;120.3069;79.52;177.299;48.9322;41.7221;240.2345;216.86
2018-03-08;91.65;50.4168;172.034;126.36;120.6722;79.87;177.339;48.3792;41.8542;239.5788;216.4
2018-03-09;93.6979;51.2292;174.99;127.41;122.9332;80.71;181.286;49.7617;42.8265;243.7013;221.11
2018-03-12;93.9211;51.1615;176.682;126.78;122.6666;80.6;180.593;49.1229;42.9964;248.1019;220.94
2018-03-13;91.6306;50.852;174.98;126.73;121.6398;80.2;179.08;49.3708;42.6283;246.0655;219.76
2018-03-14;91.087;50.6006;173.493;127.99;121.0277;83.31;178.199;49.447;42.7415;247.0887;218.44
2018-03-15;91.4073;50.6489;173.697;127.22;121.8471;82.57;179.02;48.5126;42.7887;247.6847;218.87
2018-03-16;91.815;50.5522;173.084;125.97;122.953;82.16;180.603;48.7891;42.4867;248.8171;225.55
2018-03-19;90.1553;50.2427;170.44;124.98;121.6497;80.3;178.654;48.465;41.7881;239.4;222.18
2018-03-20;90.3882;45.5038;170.381;125.12;123.3281;80.86;180.564;49.1515;41.8825;247.9231;229.75
2018-03-21;89.7574;45.4748;166.522;121.7;121.6595;81.04;178.823;49.161;41.8259;246.9099;226.85
2018-03-22;87.1466;44.3819;164.169;118.04;118.4705;78.56;173.648;48.465;40.6554;240.2444;220.52
2018-03-23;84.6134;43.318;160.367;114.43;115.5183;76.44;169.998;47.0634;40.0419;231.4234;215.02
2018-03-26;91.0191;44.9525;167.98;118.97;119.1122;78.95;175.281;50.0382;41.5899;242.8569;228.91
2018-03-27;86.836;43.8887;163.673;113.81;115.9133;76.31;170.68;48.8082;40.2873;224.0228;213.8
2018-03-28;86.7583;43.5018;161.864;112.88;115.5084;75.06;168.533;47.2922;39.3245;219.8805;212.54
2018-03-29;88.583;44.2465;163.128;116.3;118.1051;75.87;173.292;49.6568;40.4855;230.0525;216.08
2018-04-02;85.914;43.5308;162.059;115.3;116.8907;75.0;169.77;46.6438;38.7109;219.5825;212.28
2018-04-03;87.0689;43.4148;163.721;116.49;117.6905;74.56;170.631;47.4352;39.0602;223.8539;215.93
2018-04-04;89.6118;44.0144;166.852;119.48;118.2927;74.78;171.838;47.664;39.2029;224.738;225.05
2018-04-05;89.6603;44.4496;168.009;119.04;119.6553;76.95;173.925;48.0359;39.7928;219.9103;223.54
2018-04-06;87.5736;43.356700000000004;163.712;116.1;116.2095;73.86;168.129;46.5199;38.7557;212.8276;218.61
2018-04-09;88.0977;43.4244;165.335;117.19;117.2857;75.19;168.764;47.2445;39.1743;213.9799;219.17
2018-04-10;90.1456;44.3142;168.447;119.49;119.1912;76.79;173.103;48.8845;40.4494;226.3969;224.53
2018-04-11;89.1556;44.1111;167.659;119.16;118.2631;76.5;170.765;48.7224;40.3733;224.738;223.63
2018-04-12;90.825;44.3722;169.312;121.4;119.5368;77.46;173.182;50.267;41.2392;233.0425;226.96
2018-04-13;90.3397;44.5657;169.886;119.01;119.2208;77.27;172.657;49.447;40.9156;229.9631;224.06
2018-04-16;91.3976;44.721;170.945;119.41;120.3365;77.8;172.261;49.9619;41.2011;229.9532;226.52
2018-04-17;93.2417;45.3134;173.298;123.35;122.2322;80.03;176.69;51.0489;42.4286;235.963;231.16
2018-04-18;93.6008;45.7213;172.909;124.46;122.9036;80.34;177.799;51.1156;42.4666;234.8008;231.1
2018-04-19;93.2805;45.4688;168.009;124.06;122.3902;79.68;177.353;49.7903;42.4;227.5194;227.62
2018-04-20;92.2032;44.8958;161.125;122.82;122.6271;78.73;175.441;49.1324;41.9528;227.1916;225.24
2018-04-23;92.5429;44.4783;160.659;121.89;122.8838;78.21;173.806;48.7224;42.1051;222.3937;225.3
2018-04-24;90.3785;44.216;158.422;117.88;119.7342;75.28;171.637;49.0561;41.6198;219.7315;217.89
2018-04-25;89.5924;44.4297;159.113;117.32;119.675;74.0;170.874;48.9894;41.5912;215.2216;217.32
2018-04-26;91.485;44.6336;159.667;120.83;125.4707;76.03;176.511;50.5817;42.067;223.7248;221.91
2018-04-27;92.999;44.216;157.82;120.22;124.4142;74.13;174.312;50.2766;42.5428;224.8274;221.9
2018-04-30;90.7668;44.352;160.678;120.99;125.2732;74.61;176.62;49.2182;42.1431;223.4069;221.6
2018-05-01;92.2032;44.6239;164.412;123.11;125.8952;74.81;178.582;50.8486;42.6569;225.6321;224.08
2018-05-02;90.7571;44.1966;171.675;122.82;124.7795;71.73;184.1;49.8761;41.734;224.8076;221.1
2018-05-03;91.3006;43.7596;171.986;124.41;125.5694;73.45;184.754;49.8475;42.2858;231.4432;226.05
2018-05-04;92.3585;44.3908;178.733;125.12;126.537;73.99;186.429;50.6147;43.1042;237.4729;228.51
2018-05-07;93.3873;44.7405;180.026;126.97;127.6231;74.67;187.35;51.1421;43.5133;247.0291;230.99
2018-05-08;92.9893;44.6142;180.892;128.75;128.255;75.72;188.767;51.4298;43.4943;248.7376;234.56
2018-05-09;94.0861;45.2357;182.165;129.73;129.1831;77.01;188.866;52.1107;43.8083;254.0819;239.74
2018-05-10;95.0275;45.5756;184.771;130.62;129.341;79.19;191.263;52.7244;44.0557;258.403;241.15
2018-05-11;94.8237;45.4688;184.068;130.63;130.1506;79.2;191.561;52.4271;43.7036;252.8402;241.88
2018-05-14;95.144;45.4688;183.639;127.69;129.5484;78.81;190.342;52.6477;43.4848;253.6647;238.37
2018-05-15;94.4549;45.4591;181.97;128.13;129.4398;77.79;190.223;51.7079;43.2754;243.9298;236.6
2018-05-16;94.6986;45.3814;183.668;128.77;129.2324;77.82;190.6;52.3984;42.9709;244.3768;237.39
2018-05-17;93.7531;45.1969;182.507;126.05;128.4907;79.19;189.431;52.5614;41.3533;246.0655;236.85
2018-05-18;93.9285;44.9832;181.843;126.96;128.4907;80.79;188.638;51.3051;41.1155;244.3072;238.09
2018-05-21;95.1372;45.8476;183.131;126.37;129.2126;81.25;189.431;52.0915;41.6293;242.6185;238.1
2018-05-22;95.0398;45.0318;182.673;125.44;129.2621;80.62;189.847;52.2162;41.5341;241.0888;238.79
2018-05-23;96.1705;45.5465;183.844;128.09;130.4191;81.08;191.204;52.945;41.5627;246.0487;243.91
2018-05-24;95.8293;45.1192;183.639;128.74;130.429;81.55;190.134;52.5039;41.458;246.1978;245.15
2018-05-25;95.8781;45.6436;184.059;127.96;129.8258;80.96;189.401;53.1655;41.163;247.7782;243.56
2018-05-29;95.5369;44.925;183.395;126.88;128.2534;80.73;187.776;53.0505;40.8871;247.0924;242.19
2018-05-30;96.4532;45.6922;183.005;129.3;129.1929;81.6;189.985;53.3957;40.7729;251.4658;247.4
2018-05-31;96.3459;45.3717;182.39;129.33;129.272;82.07;188.361;52.9354;40.6397;250.6707;249.28
2018-06-01;98.2467;45.9835;185.679;130.52;129.4005;83.25;193.562;54.7383;41.5437;256.068;251.31
2018-06-04;99.1045;45.9544;187.231;132.65;131.5959;84.57;195.9;54.4985;41.4675;263.2544;253.34
2018-06-05;99.6114;45.7699;188.675;134.12;132.0805;85.05;197.515;54.2108;41.5532;263.4731;252.7
2018-06-06;99.9038;46.372;189.329;135.55;134.7704;85.21;201.329;54.6903;42.1146;263.5526;253.95
2018-06-07;98.3345;46.304;188.822;132.91;132.3574;83.27;197.693;53.5875;41.5341;261.3161;247.51
2018-06-08;99.0655;46.7896;187.104;133.53;133.2474;84.34;198.189;52.7915;41.3724;260.6999;251.21
2018-06-11;98.5002;46.7993;186.645;133.98;132.4266;83.89;196.653;52.2833;41.5722;259.0499;251.0
2018-06-12;98.7536;47.0518;187.67;136.26;133.3661;85.02;198.278;52.571;41.8101;260.9981;252.59
2018-06-13;98.3052;46.877;186.128;136.5;132.9112;85.27;197.565;52.7724;41.8767;260.8192;256.13
2018-06-14;98.8608;44.5754;186.225;138.41;133.5046;85.61;197.465;53.2614;42.5237;265.302;258.1
2018-06-15;97.6034;44.9444;184.312;138.41;133.6035;85.31;197.683;52.8491;42.1051;263.6619;251.82
2018-06-18;98.315;45.1775;184.215;139.8;134.6913;85.85;199.269;51.0366;42.067;263.493;255.69
2018-06-19;98.315;44.9347;181.238;139.52;133.6133;84.52;197.842;50.7585;41.6959;258.6026;251.74
2018-06-20;99.2995;41.5843;182.029;138.94;133.999;85.95;199.675;51.2668;41.6198;260.7297;251.24
2018-06-21;98.5879;41.8562;181.013;137.88;133.0398;85.97;198.922;50.0489;41.0679;255.561;248.83
2018-06-22;97.8763;42.8273;180.486;135.01;133.8309;85.12;199.615;50.3462;41.1059;249.4381;243.63
2018-06-25;95.9073;43.0021;177.802;133.19;129.4796;82.19;193.176;48.6296;40.2401;237.6794;239.68
2018-06-26;96.5799;43.1284;180.008;135.48;131.0817;82.32;194.642;47.6323;40.4875;240.5321;242.25
2018-06-27;95.0787;42.1961;179.745;133.22;129.5687;80.67;191.392;46.7596;40.2781;234.2999;237.68
2018-06-28;96.1412;42.5748;181.052;135.12;131.2696;82.48;195.276;47.2295;40.8586;239.4089;239.81
2018-06-29;96.1217;42.7885;180.672;136.4;130.9828;83.27;194.701;47.6706;40.9442;235.4728;243.81
2018-07-02;97.4864;43.6528;182.692;140.43;131.0323;83.89;195.841;48.1405;40.7349;240.7806;243.26
2018-07-03;96.5506;43.4294;179.51;137.84;129.9939;83.27;194.473;47.4405;40.6016;235.4131;242.01
2018-07-05;97.2427;44.0995;180.955;139.77;131.8135;84.59;197.03;48.668;40.8126;241.2677;244.18
2018-07-06;98.6074;44.6725;183.463;141.4;132.6046;85.94;197.922;49.2625;40.9564;245.8399;248.19
2018-07-09;99.28;45.3814;186.011;141.76;134.0188;86.23;199.321;49.7324;40.9181;247.7484;249.77
2018-07-10;99.5432;45.6339;185.786;142.45;135.1758;86.17;199.906;50.0201;41.1003;251.7243;248.63
2018-07-11;99.4067;46.2652;183.375;145.25;136.6197;86.25;202.208;49.0995;40.8222;246.0387;248.12
2018-07-12;101.5609;46.7604;186.45;148.16;138.3503;89.13;206.116;50.2023;41.7907;249.7165;254.87
2018-07-13;102.7697;47.2266;186.743;147.61;137.8756;87.99;204.261;50.0776;40.0646;247.818;258.59
2018-07-16;102.2628;47.2461;186.333;146.96;136.9262;87.77;202.446;49.8763;40.7551;246.7047;254.68
2018-07-17;103.2765;47.6751;186.86;147.02;138.0932;88.58;204.717;49.6269;40.6016;252.1616;258.31
2018-07-18;102.4675;47.4216;185.835;147.84;139.3392;88.22;206.692;49.5982;40.477;250.1836;259.78
2018-07-19;101.7656;47.2266;187.28;147.16;138.5777;87.38;204.41;49.8475;40.6592;250.5116;257.68
2018-07-20;103.5885;47.3046;186.85;146.87;139.4282;87.47;205.055;49.7804;40.2852;249.3785;257.54
2018-07-23;105.2456;47.4508;187.016;147.56;138.4788;89.24;206.176;50.164;40.3331;247.9074;259.47
2018-07-24;104.9434;47.4508;188.373;146.0;138.4788;91.41;207.902;50.0393;40.6496;247.2116;257.49
2018-07-25;108.0334;47.7238;190.149;148.87;141.0599;91.37;212.445;50.279;41.388;250.3526;263.17
2018-07-26;106.8539;47.6458;189.554;147.57;140.9215;89.14;205.709;50.0201;41.7428;253.3047;261.93
2018-07-27;104.9629;47.4118;186.401;143.91;139.1513;85.46;201.315;45.7239;40.8222;250.5017;254.81
2018-07-30;102.7112;46.5344;185.357;138.03;134.9682;82.39;196.286;45.7335;40.4386;242.6592;242.32
2018-07-31;103.4033;46.4856;185.728;137.15;135.2253;82.14;196.415;46.1267;40.5537;243.3848;244.68
2018-08-01;103.5982;46.1639;196.669;137.68;136.7186;83.46;199.589;46.8075;40.1413;244.9851;248.01
2018-08-02;104.8557;46.7001;202.418;141.14;137.3811;85.53;200.392;47.4501;40.7838;249.1101;252.22
2018-08-03;105.3138;47.2558;203.003;141.04;138.2712;85.19;199.589;47.5939;41.0715;250.5812;253.28
2018-08-06;105.4015;47.4508;204.057;142.71;138.1624;85.77;199.926;47.565;41.5222;252.4996;254.11
2018-08-07;106.1326;47.2656;202.144;144.44;138.7261;86.3;200.998;47.9509;41.7907;255.402;253.39
2018-08-08;106.7272;47.1778;202.281;145.17;139.1216;86.74;201.236;48.2017;42.0401;256.8631;253.83
2018-08-09;106.9027;47.3241;203.872;145.82;138.4591;87.17;201.97;48.3754;41.9825;254.9149;253.8
2018-08-10;106.2496;47.1096;203.265;145.51;138.1822;87.01;201.027;47.1308;41.9825;253.255;253.7
2018-08-13;105.4795;46.8073;204.577;144.45;138.6569;87.01;200.69;46.7449;41.9537;254.577;253.54
2018-08-14;106.7954;47.0218;205.439;146.57;139.2008;87.73;202.247;46.4265;42.1935;259.855;256.05
2018-08-15;105.3472;46.6416;205.919;145.04;138.3701;85.19;198.637;45.7897;42.0592;257.5192;250.52
2018-08-16;105.3277;46.8951;208.936;145.73;139.301;85.32;201.97;45.5099;43.3059;255.889;248.89
2018-08-17;105.2689;47.1486;213.108;145.02;139.9745;85.45;201.583;45.4424;43.9867;243.3451;245.7
2018-08-20;104.5742;47.2071;211.032;145.71;139.5883;85.75;203.11;44.8635;44.3223;246.3469;249.76
2018-08-21;103.7033;47.1973;210.62;145.53;138.6969;86.22;201.464;45.9441;43.9004;251.7939;251.5
2018-08-22;104.7601;47.5776;210.63;146.46;139.7863;86.95;202.674;45.3941;44.1018;261.2366;255.54
2018-08-23;105.2494;47.7336;211.061;147.83;140.7371;87.38;203.577;45.3266;44.1306;265.2324;257.0
2018-08-24;106.0713;48.026;211.717;152.3;142.817;90.1;207.723;45.9827;44.4182;270.58;261.51
2018-08-27;107.2456;48.0943;213.461;151.68;144.0055;89.97;209.836;46.6484;44.6771;274.2378;262.4
2018-08-28;107.8914;47.4216;215.185;152.99;143.8074;90.61;210.927;46.8607;45.0224;272.727;263.04
2018-08-29;109.6136;47.6653;218.397;154.8;145.6198;92.62;212.852;47.0343;45.5306;276.9636;268.36
2018-08-30;109.5451;47.1681;220.405;152.14;145.3326;92.09;212.088;46.5423;45.2142;276.2874;266.43
2018-08-31;109.9169;47.3631;222.952;152.68;145.4812;92.33;213.834;46.7256;45.8087;279.1416;263.51
2018-09-04;109.3102;47.3631;223.667;153.21;146.3825;93.07;215.084;46.2721;45.7703;282.1451;266.68
2018-09-05;106.1594;46.8366;222.207;148.65;141.3017;89.05;209.469;46.0406;45.3292;276.894;256.14
2018-09-06;106.404;46.5149;218.515;148.83;143.1141;89.0;211.066;45.5968;45.3388;271.2253;259.75
2018-09-07;105.8854;46.6124;216.752;150.43;141.8266;88.82;209.4;44.8153;45.1183;270.37;260.87
2018-09-10;107.0303;47.6361;213.843;151.32;142.6981;89.8;209.975;44.6705;45.1374;273.2242;265.37
2018-09-11;108.8503;47.6946;219.249;152.84;144.0946;91.43;211.741;43.3488;45.0991;271.3048;267.0
2018-09-12;109.3102;48.104;216.526;155.37;145.1643;92.4;212.316;43.3488;44.9648;266.73;267.79
2018-09-13;110.4844;47.7336;221.757;158.18;146.2141;92.19;215.481;43.9662;45.3005;269.8528;268.52
2018-09-14;110.9346;48.0163;219.239;157.49;146.4221;90.78;216.215;43.9373;45.4539;274.9149;274.69
2018-09-17;109.731;47.948;213.402;154.92;144.778;88.68;214.737;43.8215;45.1758;272.4286;268.25
2018-09-18;110.778;47.8018;213.755;156.0;146.2141;89.72;218.288;44.4776;45.5114;269.5346;270.79
2018-09-19;109.3004;48.1918;213.882;152.9;146.0061;89.31;216.443;44.5258;45.3388;270.4893;264.88
2018-09-20;111.1303;49.1667;215.508;155.5;147.8087;90.6;219.617;45.5389;45.7703;264.8206;266.34
2018-09-21;111.8054;49.8199;213.186;155.52;148.6109;90.62;220.123;45.0179;46.5663;262.0061;260.88
2018-09-24;112.2066;49.9564;216.252;158.78;147.6799;89.62;219.578;45.2591;46.4512;264.2437;264.09
2018-09-25;111.9914;50.4244;217.623;158.87;148.1454;90.04;220.341;44.2943;46.48;266.9389;267.84
2018-09-26;111.5315;50.3367;215.89;158.33;147.8384;89.85;220.48;44.0917;46.4224;265.4571;268.47
2018-09-27;111.9522;50.3952;220.327;160.43;148.5812;88.99;220.53;44.2653;46.3457;265.9344;269.91
2018-09-28;111.9131;50.2684;221.1;159.03;148.6505;87.84;220.827;45.6257;46.6526;279.4798;269.95
2018-10-01;113.1264;50.5024;222.589;159.86;149.3438;87.55;221.978;44.8153;46.8635;287.7741;275.49
2018-10-02;112.6763;48.9717;224.568;157.26;148.2345;86.68;220.589;46.4072;46.9978;284.9098;272.0
2018-10-03;112.6959;48.5038;227.3;159.1;147.9374;87.15;221.343;47.044;47.1225;285.1585;270.51
2018-10-04;110.367;48.2308;223.304;154.9;145.3524;84.34;214.419;46.4361;46.707300000000004;277.7593;263.71
2018-10-05;109.7212;48.1138;219.68;155.07;143.9659;83.18;211.797;45.3748;46.466;268.3809;263.22
2018-10-08;108.4687;48.1235;219.171;148.65;140.5291;80.55;206.832;45.3748;45.8771;264.3134;254.69
2018-10-09;109.8484;47.6458;222.207;148.5;140.9451;80.03;208.321;44.9117;45.8481;264.0846;254.16
2018-10-10;103.8795;46.2126;211.913;137.81;134.2202;75.45;195.341;43.2233;44.0524;244.3434;237.91
2018-10-11;103.6348;45.6082;210.042;139.24;132.4474;75.9;193.176;42.6734;42.5946;233.8413;238.59
2018-10-12;107.2162;46.1931;217.545;146.74;138.7167;79.03;202.819;43.3005;44.1296;245.1888;248.87
2018-10-15;105.2885;46.1246;212.893;141.95;135.9138;77.23;198.946;42.9628;43.1256;234.0899;238.01
2018-10-16;108.6155;47.2112;217.584;147.44;140.3806;80.61;206.355;44.3232;44.2358;244.4826;260.67
2018-10-17;108.3317;46.849;216.644;147.01;141.0838;80.09;205.958;44.275;44.3517;241.7278;258.91
2018-10-18;106.1692;46.3791;211.58;142.84;137.9541;77.48;202.223;43.3873;43.8883;238.2172;250.35
2018-10-19;106.3257;46.5847;214.803;140.49;138.7365;84.78;201.667;42.4515;43.7724;227.914;245.03
2018-10-22;107.2749;46.9273;216.115;142.95;139.2911;85.43;203.097;43.4259;44.1779;229.9527;251.06
2018-10-23;105.7778;46.9762;218.152;140.66;137.7857;87.57;201.042;42.9339;43.8497;219.8484;251.76
2018-10-24;100.1219;45.7722;210.669;133.26;132.9723;83.09;194.348;40.9271;42.5463;198.3171;238.44
2018-10-25;105.9735;46.9469;215.283;140.8;139.1723;85.96;202.799;42.7506;43.8979;206.7009;252.92
2018-10-26;104.6623;46.3204;211.854;135.52;136.4189;83.37;196.135;44.082;42.7201;197.2032;245.8
2018-10-29;101.6191;46.0267;207.878;130.99;133.0417;81.15;189.73;43.8022;42.3243;184.6026;239.75
2018-10-30;101.5017;47.544;208.916;132.17;131.4867;80.9;186.442;46.0792;43.0387;201.8874;238.41
2018-10-31;104.5155;47.8083;214.362;137.24;136.5279;84.19;196.314;45.2301;44.1682;209.6745;245.76
2018-11-01;103.6446;47.5636;217.653;139.59;139.4793;85.04;198.34;46.523;44.0717;216.9146;245.28
2018-11-02;103.8795;47.7985;203.216;136.79;138.4394;83.51;196.364;45.452;43.9076;213.7421;239.64
2018-11-05;105.2005;47.9845;197.447;135.44;138.4592;84.05;196.622;46.2818;44.5448;210.6093;239.89
2018-11-06;105.4059;48.2096;199.582;133.95;139.4397;84.69;197.784;45.874;44.8923;209.9032;240.56
2018-11-07;109.5549;49.1983;205.635;141.79;143.3914;88.23;206.812;47.3012;46.2439;212.6182;253.43
2018-11-08;109.3494;49.3647;204.917;141.87;143.8371;89.04;207.427;47.5633;46.7652;204.861;249.96
2018-11-09;107.2162;49.5409;200.966;136.92;142.5496;86.76;204.21;46.709;45.4812;204.5428;244.84
2018-11-12;104.5742;48.1802;190.843;130.5;138.38;83.78;197.774;45.2915;44.0427;188.5012;236.67
2018-11-13;104.6427;48.4641;188.936;132.16;138.38;83.78;196.811;46.0099;43.56;198.2176;238.74
2018-11-14;103.1588;47.8083;183.599;129.35;138.1522;84.05;196.225;45.7187;42.7973;196.1092;235.22
2018-11-15;105.4289;49.5605;188.13;132.49;140.7319;86.74;199.333;46.709;45.153;201.2807;239.95
2018-11-16;106.4215;50.0891;190.214;132.55;139.0848;85.06;197.675;47.408;44.7475;163.5288;238.89
2018-11-19;102.8148;48.5033;182.675;121.01;133.7072;80.13;187.982;46.6022;44.1682;143.9069;219.69
2018-11-20;99.955;47.309;173.947;120.67;132.328;77.76;185.777;46.0099;42.9518;148.2629;219.73
2018-11-21;101.3308;47.5929;173.751;123.59;133.3698;79.12;186.373;45.6604;43.338;143.9169;225.98
2018-11-23;101.2915;47.6712;169.338;122.03;131.8319;77.95;181.348;45.1847;43.0001;144.2053;225.56
2018-11-26;104.6329;47.2405;171.628;126.41;134.878;80.86;190.534;46.0682;43.9945;152.2112;231.96
2018-11-27;105.2913;46.4378;171.254;127.54;134.8482;81.97;191.656;46.6701;44.5255;152.8874;232.25
2018-11-28;109.2026;47.172;177.84;140.64;140.2755;85.98;200.893;47.4371;45.655;159.1927;249.21
2018-11-29;108.2887;46.8881;176.473;139.72;138.0133;84.26;195.311;46.3109;45.7033;156.6541;249.09
2018-11-30;108.9766;47.73;175.52;142.76;140.6029;85.81;199.691;47.874;46.215;162.6969;250.89
2018-12-03;110.1559;48.7774;181.653;144.15;143.8672;87.98;208.421;48.6701;47.0549;169.2772;255.26
2018-12-04;106.6475;47.7202;173.662;139.24;137.5569;84.19;199.115;46.3594;45.7129;156.4052;245.82
2018-12-06;107.3059;45.6939;171.726;142.06;139.948;85.82;201.598;46.9614;46.717;157.58;250.63
2018-12-07;103.0113;45.0283;165.603;135.95;136.0388;82.77;195.152;44.8934;44.8344;146.9479;238.0
2018-12-10;105.7335;45.6841;166.694;137.27;136.8028;84.93;196.702;45.8352;45.2399;151.1788;244.09
2018-12-11;106.7163;45.4785;165.74;136.79;135.7412;85.51;196.384;46.0002;45.4619;147.5253;245.34
2018-12-12;107.1978;46.3204;166.202;140.09;136.7234;86.5;198.916;46.4371;45.7805;148.2321;245.55
2018-12-13;107.5615;46.2323;168.021;141.14;136.4655;87.56;197.595;46.8837;45.8288;148.2221;248.08
2018-12-14;104.2005;45.6156;162.644;137.04;134.0346;85.92;193.99;46.4662;44.2358;145.7931;230.0
2018-12-17;101.1146;44.764;161.131;130.83;130.3734;84.1;189.144;45.7089;42.6718;142.9359;221.38
2018-12-18;102.176;44.8814;163.224;132.32;131.6236;85.51;190.296;46.3497;42.5367;146.2809;226.18
2018-12-19;101.9008;45.4688;158.133;131.16;130.2345;84.03;185.837;44.2429;41.6485;137.8887;224.65
2018-12-20;99.7585;45.2632;154.143;127.73;127.754;82.44;181.457;44.2138;41.021;134.494;218.65
2018-12-21;96.5351;43.0705;148.147;122.91;123.2892;78.14;173.988;43.5342;40.4031;128.9888;208.8
2018-12-24;92.5058;41.7882;144.314;121.33;120.779;77.06;173.452;42.3206;38.8874;126.51;205.16
2018-12-26;98.8248;43.6481;154.477;130.84;129.2126;82.8;185.151;44.8449;41.0016;132.5029;222.95
2018-12-27;99.4342;44.02;153.474;135.2;130.9787;84.31;187.396;45.0099;41.4264;130.5816;225.14
2018-12-28;98.6578;43.8732;153.553;134.68;129.917;83.26;184.883;45.3886;41.2913;133.0505;223.13
2018-12-31;99.8174;44.1962;155.037;136.97;130.9092;84.09;187.356;45.5633;41.8319;132.9012;226.24
2019-01-02;99.3752;44.2647;155.214;135.55;131.8815;85.75;188.439;45.7089;41.4651;135.609;224.57
2019-01-03;95.7194;43.834;139.754;130.4;127.129;82.09;179.937;43.1944;39.9571;127.4159;215.7
2019-01-04;100.1712;45.7233;145.72;137.96;132.6058;86.27;188.458;45.8449;41.7569;135.5791;226.19
2019-01-07;100.299;46.4476;145.395;142.22;134.997;86.93;189.908;46.0585;42.0391;142.7567;229.26
2019-01-08;101.0262;46.8686;148.167;145.72;135.7312;88.7;191.291;46.3497;42.3796;139.2028;232.68
2019-01-09;102.4708;46.7707;150.683;145.99;137.3287;89.55;194.763;46.6119;42.1461;141.9404;235.43
2019-01-10;101.8124;46.8098;151.165;147.04;137.5866;90.7;195.937;47.1458;42.0683;144.5785;237.77
2019-01-11;101.0262;47.2699;149.68;147.55;136.9814;90.65;194.893;47.5051;42.3115;148.1624;237.55
2019-01-14;100.2891;47.1622;147.43;146.05;136.0289;90.43;194.425;46.942;42.0391;149.7652;234.56
2019-01-15;103.1981;47.5455;150.447;149.19;136.267;91.6;195.509;47.1847;42.8271;149.1977;242.36
2019-01-16;103.5617;47.231;152.285;148.54;136.267;90.55;196.753;46.7284;42.7687;148.1723;241.95
2019-01-17;104.2889;47.742;153.189;149.82;136.2075;90.4;198.285;47.0585;43.012;151.0394;244.4
2019-01-18;105.8515;48.4201;154.133;152.51;137.418;91.12;200.961;47.7575;43.8097;156.2261;247.51
2019-01-22;103.8565;48.0958;150.673;148.95;136.9715;89.94;198.434;46.8643;43.5665;148.1027;243.85
2019-01-23;104.8687;48.3907;151.283;149.75;135.9396;90.5;197.33;46.5439;44.2281;148.6203;245.14
2019-01-24;104.3675;48.3513;150.083;146.87;136.6242;92.2;198.763;48.3109;44.374;157.132;242.56
2019-01-25;105.3208;48.941;155.057;149.74;137.5866;94.28;201.896;45.6701;44.8799;159.4316;244.95
2019-01-28;103.2669;48.6658;153.622;147.33;134.9276;92.3;199.131;45.3497;44.5102;137.3909;241.85
2019-01-29;101.1638;48.7543;152.03;145.18;133.9453;91.12;198.215;45.1847;44.7145;131.0097;238.27
2019-01-30;104.5444;49.4913;162.418;149.16;136.525;92.42;202.971;46.1556;45.4442;136.7737;242.67
2019-01-31;102.6281;49.3636;163.588;151.97;133.9552;88.76;210.044;45.7478;46.0085;143.1052;247.82
2019-02-01;101.0065;49.9336;163.667;155.87;139.0551;90.01;212.671;47.3109;46.0571;144.0808;247.38
2019-02-04;103.9155;50.1498;168.316;157.72;140.3945;91.66;213.805;47.7866;46.0669;148.5108;254.74
2019-02-05;105.3699;50.3562;171.195;158.99;141.4165;92.27;214.75;48.5536;45.9793;149.2774;254.82
2019-02-06;104.2005;50.3758;171.254;158.13;140.3846;92.25;214.193;48.7539;46.1934;152.3137;254.35
2019-02-07;103.4536;49.3538;168.011;154.93;139.0749;90.85;212.87;48.0993;45.4345;146.7587;253.74
2019-02-08;103.8467;50.1498;168.208;156.67;139.2833;91.87;215.466;47.7183;45.9112;147.5053;257.0
2019-02-11;103.4339;50.3463;167.241;159.91;139.7;92.69;215.984;47.6499;46.2906;145.7931;258.39
2019-02-12;105.0456;50.3365;168.682;162.79;140.8807;94.38;217.784;48.8614;46.5922;150.4919;261.37
2019-02-13;104.967;50.5331;167.981;160.4;142.369;94.01;219.406;49.3108;46.2128;152.1942;260.23
2019-02-14;105.0555;50.592;168.593;159.47;142.2895;94.42;218.68;49.643;47.0884;153.8368;260.14
2019-02-15;106.3527;50.8279;168.218;159.05;144.0288;94.91;220.968;50.4735;48.0905;156.6342;259.45
2019-02-19;106.3035;51.1227;168.722;160.61;143.5617;95.02;219.456;50.2195;48.3045;155.9374;257.81
2019-02-20;105.7509;50.877;169.807;158.54;143.8499;94.73;219.973;50.2097;48.2851;157.8388;258.1
2019-02-21;107.9813;51.2112;168.85;159.63;143.1244;94.96;218.182;50.2292;48.0711;155.0713;257.76
2019-02-22;109.521;51.5748;170.735;161.31;144.983;95.98;222.172;51.2844;48.7521;158.4759;258.9
2019-02-25;110.1329;51.6534;171.979;161.36;145.1718;96.7;222.172;51.8804;49.4137;157.9782;258.62
2019-02-26;110.8928;51.6927;172.078;163.0;146.1459;96.59;222.848;52.0074;49.7931;156.3953;261.22
2019-02-27;110.7053;51.4765;172.611;163.12;146.3248;97.86;223.415;52.0172;50.192;154.7129;262.9
2019-02-28;110.5671;51.2308;170.913;163.65;147.2193;98.07;223.614;51.7436;50.3671;153.7263;262.5
2019-03-01;111.0606;51.6043;172.709;164.53;148.5611;98.8;226.081;52.0758;50.0169;155.9087;264.01
2019-03-04;110.7941;51.1424;173.578;158.5;147.0603;96.57;225.126;52.7011;49.7736;156.2376;258.16
2019-03-05;110.2414;51.4568;173.262;156.97;147.0503;96.53;225.057;52.4471;49.9098;155.9785;257.38
2019-03-06;110.2908;51.447;172.265;156.79;146.9112;96.46;223.316;51.7339;50.2698;151.524;256.4
2019-03-07;108.9485;51.673;170.271;155.6;145.9371;96.21;221.266;51.3919;49.9001;148.7436;255.46
2019-03-08;109.067;51.8598;170.676;155.06;146.454;95.69;220.729;51.2747;49.6861;150.1188;254.74
2019-03-11;111.3567;51.7517;176.589;157.65;149.7538;97.45;224.48;52.1247;50.513;160.5825;260.96
2019-03-12;112.1364;51.8892;178.573;158.28;150.8073;97.5;225.773;52.3396;50.7368;161.9577;263.51
2019-03-13;113.0049;52.1448;179.362;159.81;151.5428;99.31;227.325;53.1212;51.1649;168.0366;264.38
2019-03-14;113.0937;52.1349;181.356;160.67;153.2623;99.03;228.33;52.2126;51.3108;164.9872;267.69
2019-03-15;114.3965;52.0268;183.715;161.51;154.5147;100.73;229.981;53.0822;51.7583;169.2225;257.09
2019-03-18;116.0348;52.5379;185.591;161.95;154.0177;100.27;229.205;52.8574;52.0599;168.3655;257.76
2019-03-19;116.1137;53.1079;184.12;163.93;153.65;101.54;229.822;52.9258;51.8654;175.1021;260.42
2019-03-20;115.9854;51.732;185.729;163.51;152.8151;102.31;228.708;52.5839;51.8167;173.7966;259.74
2019-03-21;118.6502;53.1079;192.569;166.95;154.8526;104.15;234.657;53.385;52.4783;183.3036;264.18
2019-03-22;115.5216;51.8598;188.582;161.5;152.1392;101.27;229.573;52.0367;51.3108;176.8859;259.69
2019-03-25;116.1236;51.8303;186.301;160.88;152.0994;101.55;229.235;51.5678;51.3011;173.1788;262.27
2019-03-26;116.3704;52.361;184.377;159.4;154.3556;103.15;232.09;52.2126;51.7875;176.2581;265.59
2019-03-27;115.2452;51.8991;186.035;155.12;153.2822;103.07;231.324;51.939;51.7;175.8894;262.34
2019-03-28;115.4031;52.2725;186.282;155.18;153.7295;103.86;233.652;51.8902;51.914;176.6368;263.53
2019-03-29;116.4;52.7836;187.496;158.37;155.2402;103.84;234.239;52.4666;52.5269;178.9388;266.49
2019-04-01;117.4659;53.6385;188.769;161.18;156.3037;105.55;237.821;53.258;53.4901;181.6494;272.17
2019-04-02;117.6336;53.216;191.513;160.51;156.8206;105.23;238.03;53.1115;53.7917;182.3669;271.35
2019-04-03;118.4035;53.1275;192.826;162.62;157.4964;104.69;237.701;54.2058;54.1225;187.9674;271.5
2019-04-04;117.8014;52.8917;193.162;158.52;156.6814;104.46;234.846;54.6356;53.9854;187.6087;267.89
2019-04-05;118.3245;52.9998;194.455;158.56;156.6913;105.73;235.413;54.323;54.054;190.2894;267.45
2019-04-08;118.364;52.7934;197.515;158.47;156.7907;106.57;235.383;54.4012;54.3281;191.1265;268.81
2019-04-09;117.7225;52.9015;196.922;156.97;156.5323;106.93;235.025;54.0494;54.0246;188.6052;268.99
2019-04-10;118.6206;53.2766;198.028;160.24;157.5958;107.51;236.17;54.4696;54.6512;191.4354;271.58
2019-04-11;118.7588;53.0989;196.38;160.73;156.9001;106.46;235.154;54.5184;54.4358;190.8773;271.9
2019-04-12;119.3707;53.7998;196.301;160.71;158.6692;108.48;237.934;55.1242;55.1114;189.3526;271.86
2019-04-15;119.4694;53.9281;196.656;160.09;159.4644;108.14;238.253;54.9874;55.3757;184.061;272.22
2019-04-16;119.193;53.8886;196.676;158.69;159.2557;108.2;239.189;55.4075;55.7575;187.5589;271.43
2019-04-17;120.1799;53.78;200.506;155.34;159.4644;108.81;240.096;57.215;55.1309;186.642;269.45
2019-04-18;121.7591;53.8195;201.226;155.99;159.1861;107.36;239.986;57.1466;55.219;185.6555;270.57
2019-04-22;122.144;53.9183;201.887;158.76;159.4246;106.81;242.138;57.469;55.1603;187.818;272.21
2019-04-23;123.802;54.2341;204.799;161.23;160.677;106.9;242.576;57.43;55.503;190.0103;278.49
2019-04-24;123.3776;54.4711;204.483;159.56;160.508;107.22;244.37;57.3713;55.689;190.5086;275.45
2019-04-25;127.4636;54.3032;202.628;163.09;160.0409;110.22;244.688;56.2868;55.1505;186.2633;277.66
2019-04-26;128.1939;54.6981;201.66;165.96;161.9392;110.56;245.754;51.2258;54.7099;177.4739;281.96
2019-04-29;128.0755;54.3723;201.966;165.36;163.1518;112.44;246.203;49.9361;54.9547;178.7096;286.14
2019-04-30;128.8946;54.6191;198.077;165.35;163.4301;112.77;253.286;49.8677;54.7785;180.3738;289.25
2019-05-01;126.2102;54.1749;207.8;162.15;161.8001;110.94;247.817;49.5942;54.4162;179.8456;283.35
2019-05-02;124.562;53.8985;206.448;161.83;160.1402;109.7;246.262;49.389;53.7896;182.5562;279.64
2019-05-03;127.2168;54.0861;209.014;163.34;161.0547;111.96;247.02;50.5614;53.7896;182.3768;285.58
2019-05-06;126.4766;54.1453;205.786;162.5;161.2932;110.85;247.707;50.3501;53.4469;179.2278;283.66
2019-05-07;123.881;53.3062;200.239;156.9;159.2358;108.95;244.14;49.6226;52.330799999999996;172.5111;277.07
2019-05-08;123.8711;53.2963;200.279;156.86;159.7824;109.07;244.409;48.4037;52.3504;173.3183;276.77
2019-05-09;123.8612;53.553;198.127;156.31;158.8382;109.73;244.389;45.8282;51.8119;169.6012;275.79
2019-05-10;125.47;53.9479;195.382;159.94;159.7327;110.41;246.501;45.4153;52.2427;168.2359;278.48
2019-05-13;121.7393;52.7435;184.026;153.15;156.3733;106.83;240.474;43.9998;50.2258;157.9018;267.7
2019-05-14;123.1013;53.4345;186.94;158.07;159.2358;109.09;245.017;44.4028;50.9308;161.4794;271.86
2019-05-15;124.8348;53.859;189.179;155.06;161.8001;111.5;248.215;44.8452;51.342;159.0279;276.82
2019-05-16;127.7175;53.938;188.347;158.48;164.1195;113.87;252.469;44.7567;54.7589;159.6358;283.55
2019-05-17;126.8656;53.7998;187.277;154.57;163.343;112.8;251.602;44.1276;55.1701;155.9885;279.85
2019-05-20;125.033;52.9706;181.42;155.98;162.7259;112.15;252.539;42.8202;54.8372;151.225;275.45
2019-05-21;125.7066;53.474;184.898;155.78;163.1141;112.43;254.402;43.7049;55.3365;154.5235;278.07
2019-05-22;126.4693;53.5036;181.113;157.64;163.4923;112.47;255.936;43.2527;54.5239;151.6734;281.82
2019-05-23;124.9933;52.398;178.022;153.71;160.7748;109.9;248.793;43.7737;53.0553;146.8103;274.25
2019-05-24;125.0528;52.092;177.338;154.51;161.8996;109.85;250.536;43.813;53.2316;144.6478;274.77
2019-05-28;124.9735;51.0851;176.605;155.19;162.9648;111.74;252.479;42.83;52.8008;142.8341;278.25
2019-05-29;123.765;51.0259;175.763;152.89;161.9892;110.08;252.608;43.4788;52.0665;139.8545;273.38
2019-05-30;124.5476;51.0555;176.674;155.66;162.0191;111.41;253.236;43.9703;52.4483;138.787;274.51
2019-05-31;122.5169;49.9499;173.474;151.41;160.5956;109.75;250.546;43.292;50.9406;135.1454;270.9
2019-06-03;118.713;49.5945;171.72;145.1;157.878;105.52;241.351;42.7219;50.6958;133.4693;259.03
2019-06-04;122.0017;51.3517;178.002;150.81;161.591;108.73;248.245;44.0293;52.1154;142.6679;268.71
2019-06-05;124.6466;51.4306;180.875;158.44;164.6371;110.77;255.298;43.7934;53.6036;140.9519;272.86
2019-06-06;126.6179;51.9143;183.531;159.31;166.1601;111.78;256.862;44.334;53.9463;143.4461;274.8
2019-06-07;130.1642;52.5757;188.416;161.27;169.2759;114.02;264.803;45.2482;54.7589;145.1621;278.16
2019-06-10;131.353;53.3161;190.824;152.79;170.0424;115.62;265.101;46.0051;55.2386;148.0853;280.34
2019-06-11;130.8577;53.247;193.034;150.15;169.5347;114.6;262.671;46.0543;55.9142;150.3999;275.99
2019-06-12;130.2534;52.9311;192.419;151.28;170.8089;114.5;262.86;45.5333;54.6904;145.8605;276.84
2019-06-13;131.0756;53.1483;192.38;151.34;168.5791;115.72;260.22;45.9068;54.9939;147.9157;276.3
2019-06-14;131.2044;52.5955;190.982;150.01;168.8877;116.17;259.124;45.4055;53.6036;144.3041;274.28
2019-06-17;131.6006;52.4474;192.122;150.29;168.7881;117.16;258.227;45.3465;54.24;144.6932;275.6
2019-06-18;133.8889;52.2203;196.64;150.59;168.5094;115.98;257.839;46.5655;54.8764;152.525;276.78
2019-06-19;134.4139;52.0032;196.066;154.14;169.913;117.14;258.895;46.2706;54.9547;152.7644;291.21
2019-06-20;135.6621;56.2578;197.641;157.2;172.9491;118.79;265.789;46.3885;56.2079;153.7421;302.11
2019-06-21;135.6819;55.399;196.967;156.84;172.6505;116.21;263.478;46.6539;55.8359;151.4076;299.33
2019-06-24;136.4842;56.011;196.769;152.56;173.0586;116.5;264.304;46.821;55.9827;152.3055;299.87
2019-06-25;132.1752;55.3496;193.787;149.34;170.5003;114.44;258.755;46.0543;54.9057;151.1282;287.97
2019-06-26;132.6705;55.932;197.978;149.04;170.2813;114.15;260.319;47.3715;55.4149;158.8902;288.72
2019-06-27;132.8884;56.0406;197.919;150.69;170.4505;113.67;260.12;46.6539;54.5631;162.8509;293.23
2019-06-28;132.7002;56.2381;196.115;151.73;172.76;114.46;263.537;47.057;53.584;163.8486;294.65
2019-07-01;134.404;57.2647;199.712;154.06;173.1482;115.03;265.769;47.2339;53.5938;165.7841;300.97
2019-07-02;135.2955;57.7089;200.881;154.12;174.4821;116.17;269.555;47.3027;54.6414;161.8533;301.39
2019-07-03;136.1673;58.1038;202.546;155.59;176.0649;117.68;272.055;47.6959;55.6463;162.3721;305.7
2019-07-05;135.771;58.5184;202.368;154.58;175.8558;117.16;271.119;47.2634;55.7646;159.8579;303.98
2019-07-08;135.672;58.7652;198.196;152.81;175.3879;116.95;270.54;47.0078;55.3606;156.8449;302.92
2019-07-09;135.1767;58.8343;199.405;153.95;176.9209;118.37;272.645;46.939;55.5084;156.9447;304.2
2019-07-10;136.5536;59.3772;201.377;156.27;178.4937;119.64;274.68;47.3912;56.2868;159.6883;306.98
2019-07-11;137.0984;59.2193;199.91;158.9;179.9172;120.65;277.612;47.7746;56.4542;165.8939;307.6
2019-07-12;137.5937;59.0416;201.446;158.08;179.5091;120.12;278.829;49.0721;57.0946;167.2208;309.42
2019-07-15;137.5937;58.7652;203.339;159.65;179.748;120.9;278.66;49.2688;57.1932;166.8816;308.76
2019-07-16;135.7908;58.0912;202.635;157.13;178.4937;119.71;275.917;48.3349;56.7695;166.692;305.7
2019-07-17;134.9884;57.4767;201.496;158.24;178.3345;118.81;274.58;48.5512;56.3656;169.3159;309.39
2019-07-18;135.137;57.6055;203.785;157.98;179.7082;119.87;276.076;49.0918;56.8877;169.7848;310.08
2019-07-19;135.3352;57.0307;200.743;156.75;178.4241;118.63;274.899;49.4162;56.5134;168.0488;306.87
2019-07-22;137.1281;57.0901;205.33;157.7;179.748;118.69;277.901;50.4779;56.8779;170.9222;308.55
2019-07-23;137.98;56.9415;206.936;156.25;180.0765;120.22;278.261;50.8711;56.8582;175.2521;307.88
2019-07-24;139.3966;57.5956;206.767;159.75;182.4954;121.3;279.537;52.0212;56.3853;178.2451;310.27
2019-07-25;138.8716;57.774;205.132;159.35;180.7634;115.12;278.64;51.2741;55.7843;172.9774;308.73
2019-07-26;140.0108;57.9822;205.846;159.97;182.8538;115.49;281.353;50.7138;55.6956;174.6634;311.27
2019-07-29;139.7037;57.5461;207.768;156.21;182.376;111.45;280.724;51.6182;56.0897;174.414;307.22
2019-07-30;139.0301;56.9811;206.876;156.96;180.7036;112.04;277.453;50.8219;55.6365;175.0426;303.64
2019-07-31;134.9884;55.8016;211.097;154.5;177.1897;110.4;271.578;49.6914;54.582300000000004;168.3282;298.86
2019-08-01;136.7616;55.3854;206.529;150.81;178.3544;110.8;273.463;48.6593;54.5724;164.537;298.44
2019-08-02;135.6125;55.3457;202.16;145.7;176.6124;107.09;268.765;47.8532;52.464;160.8157;293.71
2019-08-05;130.9666;53.2841;191.577;142.82;168.0913;103.6;256.187;46.1723;50.6118;150.4398;280.36
2019-08-06;133.4233;53.4824;195.204;142.8;171.6948;105.03;264.007;46.4741;51.8236;151.9962;286.21
2019-08-07;134.0078;52.8678;197.225;141.64;174.5219;106.63;268.625;46.2465;51.5675;153.5326;289.02
2019-08-08;137.5838;54.1662;201.575;143.82;179.0811;106.79;277.333;46.6819;52.3754;157.8925;297.78
2019-08-09;136.4149;53.4229;199.914;143.37;178.2349;104.82;274.251;45.5042;51.6561;153.822;294.83
2019-08-12;134.513;52.7786;199.407;140.72;175.5373;102.72;269.313;45.1282;50.7793;151.0983;288.65
2019-08-13;137.2965;53.4923;207.851;143.88;177.7969;106.04;273.832;46.3553;51.9418;155.6876;293.17
2019-08-14;133.1619;51.8569;201.664;139.72;172.7201;103.27;266.471;45.3954;49.863;149.7215;283.66
2019-08-15;132.8638;52.1245;200.66;142.13;175.7208;104.95;271.199;45.2271;45.5673;148.4245;282.71
2019-08-16;135.2988;53.1156;205.394;143.89;177.6747;106.16;273.662;46.0189;46.2669;159.1895;287.45
2019-08-19;137.5649;53.3931;209.224;143.67;179.18;107.67;277.363;46.7413;47.7841;170.3834;287.97
2019-08-20;136.4219;52.511;209.234;145.54;178.6815;107.37;276.335;46.1178;47.2225;167.4802;285.71
2019-08-21;137.9426;52.7687;211.502;147.38;180.3762;109.82;281.293;46.6621;48.0501;170.8324;291.53
2019-08-22;136.9387;52.7192;211.323;148.24;179.5289;108.77;280.056;46.296;47.4689;171.0818;287.69
2019-08-23;132.5755;51.1234;201.555;151.57;174.684;106.04;271.199;44.4948;45.922;162.0628;282.44
2019-08-26;134.623;51.6685;205.384;155.14;177.0367;107.66;275.727;45.0886;46.4048;165.0658;288.74
2019-08-27;134.9112;51.9262;203.067;153.57;177.8242;107.45;275.936;45.3162;46.0994;161.4243;289.45
2019-08-28;134.7323;51.4901;204.43;151.83;178.1133;107.47;277.532;45.3162;46.1782;161.0048;282.13
2019-08-29;137.2767;51.6983;207.891;155.93;180.6055;109.21;280.664;46.385;46.5723;166.7771;286.63
2019-08-30;137.0182;51.5992;207.622;156.07;180.2566;109.05;280.654;46.9194;46.1191;167.2864;284.51
2019-09-03;135.2094;51.4307;204.599;152.73;178.6416;106.75;279.398;46.4939;45.8137;163.9509;282.45
2019-09-04;136.7897;52.5011;208.07;152.46;181.2036;108.73;285.372;48.4138;46.6216;168.5348;284.6
2019-09-05;139.1949;53.3634;212.138;153.77;184.1544;111.46;291.337;49.5816;47.7053;179.5001;287.75
2019-09-06;138.2507;52.6894;212.118;151.07;185.1613;110.05;290.639;50.3931;48.1191;178.4116;284.94
2019-09-09;136.6803;54.0572;213.023;149.54;180.9843;105.43;282.639;51.0562;47.863;180.2591;279.3
2019-09-10;135.2491;54.979;215.54;149.65;175.8005;103.05;271.637;51.2838;48.4837;182.9355;276.14
2019-09-11;135.2889;55.7917;222.393;154.09;174.4348;104.02;269.263;52.2438;49.2916;184.084;277.78
2019-09-12;136.6803;53.413;221.891;154.75;177.4254;107.1;275.697;52.4615;49.193;184.0241;278.02
2019-09-13;136.4815;53.2742;217.579;152.98;176.7176;107.0;275.617;51.9964;49.2916;181.6972;278.35
2019-09-16;135.4976;52.6696;218.723;153.01;175.5613;106.52;273.383;51.6599;49.2226;179.9695;282.93
2019-09-17;136.5511;52.402;219.518;152.82;175.9002;107.5;275.547;51.4125;48.6807;180.8283;284.69
2019-09-18;137.6742;52.0947;221.577;152.77;174.7438;105.6;274.4;51.2046;48.6117;179.7398;279.72
2019-09-19;140.2086;52.8976;219.777;153.6;175.4117;106.12;275.208;51.0364;48.4639;176.7038;281.26
2019-09-20;138.5886;52.9967;216.564;155.2;173.5176;104.64;270.48;50.1952;48.8679;172.4595;277.91
2019-09-23;138.2904;53.5418;217.549;154.65;174.365;105.11;272.455;50.3733;48.6906;174.6066;277.44
2019-09-24;136.5412;52.8777;216.515;152.05;173.9363;103.69;270.43;49.3045;48.395;172.2997;272.47
2019-09-25;138.5091;53.3634;219.847;152.99;174.7338;104.14;272.056;50.4921;48.8728;177.9921;277.43
2019-09-26;138.688;53.4824;218.713;152.34;175.1027;104.55;273.193;50.3931;48.1093;177.1033;283.81
2019-09-27;136.889;53.6112;217.648;148.26;173.4578;102.2;268.446;50.2546;48.1191;171.5308;277.54
2019-09-30;138.1811;54.5429;222.771;148.44;171.474;103.59;270.879;50.9968;48.6807;173.8377;276.25
2019-10-01;136.2331;53.3238;223.388;147.69;173.7469;102.53;270.251;50.2348;47.0354;173.7678;272.71
2019-10-02;133.8278;52.6795;217.788;144.22;169.3008;99.73;263.807;48.879;45.8728;172.8091;266.66
2019-10-03;135.4479;53.3832;219.638;147.0;172.3314;101.03;267.608;49.5123;46.7166;181.068;272.4
2019-10-04;137.2767;54.6519;225.795;148.03;175.4317;102.79;273.363;50.3931;47.1732;181.7271;276.96
2019-10-07;136.2828;54.3149;225.844;148.8;174.355;101.62;271.498;50.0962;47.4214;184.084;276.9
2019-10-08;134.8416;53.5716;223.199;145.91;171.8828;99.33;266.714;49.2105;46.0515;176.9935;270.83
2019-10-09;137.3959;54.2884;225.815;147.05;174.3351;99.89;271.877;49.9577;46.4982;180.4688;274.27
2019-10-10;138.2507;55.2441;228.858;146.41;174.3351;100.54;273.465;50.5812;45.8132;182.7857;274.98
2019-10-11;138.8271;56.6379;234.945;149.37;176.5083;101.58;275.542;51.551;46.2202;185.7418;278.29
2019-10-14;138.6979;56.2098;234.607;149.37;176.8074;101.75;276.012;51.1057;45.7139;186.281;277.78
2019-10-15;140.7106;56.1003;234.06;152.74;178.193;103.59;278.189;52.1052;46.0217;196.1079;279.39
2019-10-16;139.5527;55.6324;233.115;146.97;177.3158;103.09;277.899;51.9023;46.4485;193.9508;272.7
2019-10-17;138.8371;54.816;234.02;146.17;177.3856;103.63;276.142;51.3234;46.6868;194.0307;269.24
2019-10-18;136.571;54.3083;235.144;144.09;175.1625;101.22;270.269;50.8286;46.3691;190.2358;265.52
2019-10-21;137.5848;54.8857;239.222;144.55;175.8803;101.44;273.935;51.5906;47.0442;195.7484;266.84
2019-10-22;135.5373;53.8702;238.675;142.33;170.3276;97.36;260.912;51.4718;47.203;195.3489;261.09
2019-10-23;136.402;53.8901;241.878;145.13;170.7862;96.64;260.502;51.1848;46.7066;194.8296;261.32
2019-10-24;139.0855;54.0196;242.276;148.12;175.6111;104.91;268.392;51.6896;46.0713;196.5973;269.7
2019-10-25;139.8707;53.93;245.26;150.49;177.2958;107.19;269.83;55.8758;46.5577;204.267;270.98
2019-10-28;143.3096;54.3979;247.717;154.79;179.2796;106.6;275.562;56.1727;46.8258;206.514;271.35
2019-10-29;141.9579;54.5572;241.987;155.09;177.0765;105.0;273.925;55.757;46.8953;202.6492;271.45
2019-10-30;143.727;54.6069;241.958;158.28;178.6915;106.5;276.781;56.0143;47.2129;202.7291;278.41
2019-10-31;142.4946;54.2485;247.428;156.49;178.3027;104.1;276.441;55.9451;47.1633;200.7517;277.93
2019-11-01;142.8425;54.7563;254.45;159.74;180.3662;104.98;278.678;55.9253;46.6868;202.3196;277.82
2019-11-04;143.6674;55.2043;256.121;157.6;178.3924;102.81;275.962;57.0139;47.1335;210.2191;277.5
2019-11-05;143.5779;55.4233;255.753;158.15;175.8205;100.99;268.642;56.9545;47.4115;209.3302;289.29
2019-11-06;143.1804;55.4532;255.863;158.93;176.2192;100.63;269.5;57.3177;47.917699999999996;207.3529;287.4
2019-11-07;143.3792;55.7319;258.816;159.5;177.874;100.47;272.427;57.7655;48.0666;208.0619;290.77
2019-11-08;145.0688;56.2397;259.524;161.11;178.4124;101.42;274.524;57.9844;48.4736;207.5027;292.46
2019-11-11;145.2179;56.1799;261.579;161.78;178.9806;102.67;276.631;58.0641;47.749;207.9022;290.27
2019-11-12;146.172;56.3392;261.34;162.86;179.18;102.03;276.771;57.9148;48.017;209.3302;291.72
2019-11-13;146.4105;55.9609;263.844;162.6;178.851;102.12;277.699;57.6063;48.1063;208.2916;293.54
2019-11-14;147.156;55.8414;262.018;163.05;179.49;103.73;279.257;57.5267;44.582300000000004;209.51;294.53
2019-11-15;149.0543;56.17;265.131;163.21;179.51;104.2;280.406;57.676;44.7609;203.9175;297.5
2019-11-18;149.422;55.941;266.468;162.77;179.4002;103.66;280.486;57.9645;44.8205;211.9967;297.16
2019-11-19;149.4717;56.0207;265.66;163.96;182.5057;104.95;284.93;58.0641;45.1382;207.7124;300.6
2019-11-20;149.2125;55.9908;262.567;164.2;181.3973;104.09;285.0;57.6163;44.751;210.8981;300.1
2019-11-21;149.0728;55.9808;261.39;162.88;179.6298;102.55;284.071;57.9347;44.5128;209.8995;298.8
2019-11-22;149.1825;56.1401;261.16;162.81;179.2105;101.77;282.194;57.3277;44.5227;210.6085;299.3
2019-11-25;150.8181;56.3094;265.739;161.71;180.7083;104.45;287.227;58.5218;45.1183;220.9148;305.28
2019-11-26;151.6159;56.2596;263.664;162.54;182.286;106.2;288.994;58.6114;44.9793;216.7104;307.9
2019-11-27;151.9051;56.3591;267.206;161.51;184.1034;107.75;291.311;58.2233;44.9098;218.1095;309.06
2019-11-29;150.9677;55.8912;266.617;162.89;184.2432;108.01;291.841;57.7655;44.9793;216.6104;309.53
2019-12-02;149.1426;55.1844;263.535;161.0;181.5271;106.21;286.088;57.3774;44.3738;209.1249;302.75
2019-12-03;148.9033;54.3481;258.836;161.57;181.6369;105.59;286.707;55.7952;43.9569;207.5359;303.91
2019-12-04;149.4418;54.1689;261.12;156.43;180.3388;105.0;286.458;55.7455;43.5697;209.2948;302.51
2019-12-05;149.5216;54.4377;264.951;158.22;181.627;104.59;289.464;55.8052;43.2024;208.6152;303.03
2019-12-06;151.3366;54.587;270.069;158.01;181.9065;104.34;290.013;56.5316;43.5201;212.0432;306.23
2019-12-09;150.9477;55.0649;266.288;157.48;182.6555;103.78;288.675;56.253;43.5796;212.0432;307.05
2019-12-10;150.7183;55.5726;267.844;156.4;181.9964;103.62;288.225;56.3127;43.7782;213.8521;304.17
2019-12-11;151.2868;56.0605;270.129;156.39;181.7468;105.51;289.664;56.7903;43.9569;217.2101;303.74
2019-12-12;152.8226;56.2198;270.817;158.59;182.3759;105.67;291.821;57.268;45.3367;223.9361;305.96
2019-12-13;154.1091;54.2684;274.499;161.13;184.8723;107.65;295.695;57.5068;44.9694;223.8561;317.94
2019-12-16;155.1064;53.7508;279.197;161.96;185.9707;109.57;296.564;57.4172;45.6444;225.0154;323.8
2019-12-17;154.2686;52.6059;279.746;161.63;185.2517;108.46;295.606;57.0192;46.1011;228.1535;322.85
2019-12-18;153.9495;53.1534;279.078;161.48;184.6326;107.83;294.347;56.8898;46.2996;229.3728;324.38
2019-12-19;155.2859;53.0041;279.357;163.33;186.2702;108.88;297.134;57.676;47.5306;235.3192;327.63
2019-12-20;156.9812;53.3625;278.778;164.55;187.7281;108.75;298.172;58.6611;47.1037;239.2269;327.61
2019-12-23;156.9812;53.472;283.328;163.74;186.8094;108.61;296.874;58.9397;47.749;238.6772;328.95
2019-12-24;156.9513;53.2032;283.597;163.25;187.2987;108.69;297.084;59.1189;47.4313;238.4774;329.64
2019-12-26;158.2378;53.3326;289.224;164.51;188.8864;109.75;298.801;59.5269;47.5008;239.047;331.2
2019-12-27;158.527;53.2231;289.114;164.98;189.1161;109.4;300.339;59.7856;47.4214;236.7284;330.79
2019-12-30;157.1607;52.4665;290.83;162.44;187.5584;107.97;297.323;59.3278;47.2427;232.1811;328.34
2019-12-31;157.2704;52.7452;292.955;162.64;187.6283;108.17;298.192;59.5567;47.61;235.1593;329.81
2020-01-02;160.1825;53.7109;299.639;166.99;190.8436;110.75;302.986;60.5419;48.42;239.7666;334.43
2020-01-03;158.1879;53.5218;296.726;166.17;189.3258;108.76;300.03;59.8055;47.63;235.9289;331.81
2020-01-06;158.5968;53.8005;299.09;173.45;188.9164;110.17;300.829;59.6363;47.8;236.9183;333.71
2020-01-07;157.1508;53.92;297.684;176.0;188.4171;109.67;299.81;58.6412;47.49;239.7866;333.39
2020-01-08;159.6539;54.13;302.472;177.33;191.6424;111.82;305.1;58.681;47.52;240.2363;337.87
2020-01-09;161.6485;54.38;308.897;179.6;192.9705;112.57;309.1;59.0094;47.32;242.8747;340.45
2020-01-10;160.9005;54.45;309.595;180.2;193.4898;112.93;311.17;58.6512;47.13;244.1739;339.81
2020-01-13;162.8352;54.58;316.21;183.85;195.0475;115.28;315.21;59.298;47.97;251.8294;345.63
2020-01-14;161.6884;54.88;311.94;182.12;195.7665;114.64;310.64;59.1388;47.79;247.1322;344.63
2020-01-15;162.7355;54.76;310.603;181.06;199.511;114.85;314.25;58.6512;48.01;245.4232;342.94
2020-01-16;165.7174;55.43;314.494;182.69;200.6594;115.4;320.3;59.3676;49.05;248.7812;345.38
2020-01-17;166.6448;55.13;317.975;182.23;204.404;116.04;323.66;59.3079;49.02;249.131;349.74
2020-01-21;166.0465;55.22;315.82;185.27;206.9902;116.15;321.93;60.2533;48.8;247.7918;350.0
2020-01-22;165.2486;54.72;316.948;182.75;207.5993;115.5;324.31;62.4226;49.06;249.9005;350.06
2020-01-23;166.2659;54.98;318.474;183.98;206.2213;117.89;324.98;63.0097;49.0;252.7088;351.76
2020-01-24;164.5904;54.07;317.556;182.11;204.7035;116.98;323.67;68.1345;48.85;250.3303;351.37
2020-01-27;161.838;52.69;308.218;180.71;201.3983;115.24;315.77;65.3681;47.47;240.0564;346.9
2020-01-28;165.0093;53.46;316.938;182.85;202.5566;116.52;320.27;66.9801;47.77;247.8218;354.63
2020-01-29;167.5823;53.2;323.572;181.77;204.5637;116.66;320.32;66.0049;47.05;245.3932;351.66
2020-01-30;172.3094;53.31;323.103;185.67;207.9089;117.12;324.46;66.1443;47.24;245.6631;356.74
2020-01-31;169.7663;52.45;308.777;182.31;198.6822;113.89;315.94;63.6167;45.97;236.2887;351.14
2020-02-03;173.905;53.09;307.929;185.42;200.5196;116.51;324.52;64.1043;46.53;240.1863;358.0
2020-02-04;179.6294;54.04;318.095;188.34;203.2656;120.08;329.12;65.1392;47.62;246.9823;366.74
2020-02-05;179.41;54.74;320.689;185.49;202.5167;119.72;328.32;67.01;48.45;250.6101;365.55
2020-02-06;183.1298;54.71;324.44;186.73;202.7464;119.89;329.3;67.09;48.69;254.093;367.46
2020-02-07;183.3891;54.72;320.03;185.72;202.4468;118.88;327.0;66.02;47.97;251.4396;366.09
2020-02-10;188.186;54.99;321.55;189.12;205.6921;120.06;330.28;66.39;48.87;262.8128;370.0
2020-02-11;183.9376;55.15;319.61;189.11;203.6451;118.84;330.92;67.41;49.13;267.7299;369.28
2020-02-12;184.2069;55.73;327.2;189.46;207.14;118.56;334.16;67.46;49.93;272.3771;374.29
2020-02-13;183.2096;55.31;324.87;188.64;207.4;120.51;335.84;67.44;47.32;270.6181;374.84
2020-02-14;184.8451;55.47;324.95;189.95;210.29;122.99;340.95;67.27;46.97;289.6168;379.67
2020-02-18;186.72;55.45;319.0;191.09;211.2;122.27;341.24;66.14;46.59;296.3927;378.85
2020-02-19;187.28;55.44;323.62;192.87;213.31;123.91;344.56;67.11;46.29;314.5119;383.28
2020-02-20;184.42;55.51;320.3;193.36;211.45;122.43;344.45;65.45;46.85;308.5155;378.96
2020-02-21;178.59;54.68;313.05;189.5;208.81;119.49;339.7;64.34;46.295;293.8942;372.95
2020-02-24;170.89;52.65;298.18;185.94;198.79;116.44;324.67;61.76;44.0;273.1166;357.41
2020-02-25;168.07;50.96;288.08;181.27;188.4;109.66;302.89;59.73;42.74;261.8933;347.8
2020-02-26;170.17;52.05;292.65;178.87;187.21;109.11;298.04;59.65;42.16;267.49;351.34
2020-02-27;158.18;50.78;273.52;172.15;180.01;107.84;285.82;55.83;40.04;252.6;337.52
2020-02-28;162.01;49.46;273.36;170.4;181.76;107.99;290.25;55.52;39.93;270.07;345.12
2020-03-02;172.79;50.9;298.81;176.76;192.33;112.86;306.74;58.18;41.17;276.43;360.28
2020-03-03;164.51;48.85;289.32;169.37;185.73;109.76;292.0;55.97;40.04;265.89;348.34
2020-03-04;170.55;50.54;302.74;175.69;194.29;115.3;302.36;58.68;41.39;284.51;363.85
2020-03-05;166.27;48.0;292.92;169.6;186.96;112.18;290.73;56.96;39.57;273.29;351.03
2020-03-06;161.57;47.37;289.03;164.08;184.36;110.89;287.01;55.77;39.68;266.04;336.77
2020-03-09;150.62;46.01;266.17;151.21;171.13;101.63;262.01;50.85;37.96;245.44;305.79
2020-03-10;160.92;48.58;285.34;161.34;182.6;109.74;280.57;53.98;40.08;261.08;332.38
2020-03-11;153.63;44.72;275.43;154.57;172.95;103.9;269.76;51.66;37.05;246.47;315.23
2020-03-12;139.06;39.8;248.23;140.59;160.08;96.96;241.5;45.54;33.2;216.31;285.0
2020-03-13;158.83;47.93;277.97;147.78;175.83;110.15;270.01;54.43;37.64;240.84;335.5
2020-03-16;135.42;42.72;242.21;124.3;152.01;92.72;235.65;44.61;33.71;196.4;286.03
2020-03-17;146.57;46.86;252.86;135.42;157.89;97.87;237.88;50.08;35.5;217.27;311.81
2020-03-18;140.4;47.27;246.67;132.24;148.48;91.46;227.93;47.61;37.12;202.82;294.61
2020-03-19;142.71;45.07;244.78;139.46;152.25;93.69;227.15;45.94;37.71;212.97;307.51
2020-03-20;137.35;45.65;229.24;139.35;146.83;86.68;211.42;45.83;35.6;205.75;295.34
2020-03-23;135.98;44.19;224.37;140.52;135.74;85.26;203.3;49.58;34.6;212.69;307.27
2020-03-24;148.34;47.84;246.88;153.64;154.53;97.29;237.07;52.4;38.6;249.18;310.0
2020-03-25;146.92;45.94;245.52;147.06;161.78;95.71;256.48;51.26;37.67;245.62;305.91
2020-03-26;156.11;50.48;258.44;154.73;168.88;100.63;263.18;55.54;40.58;257.24;322.67
2020-03-27;149.7;49.83;247.74;146.0;161.56;93.48;247.65;52.37;38.82;252.73;305.83
2020-03-30;160.23;50.36;254.81;149.85;165.57;97.03;253.25;55.49;40.32;265.59;318.39
2020-03-31;157.71;48.33;254.29;143.98;161.12;95.74;241.56;54.12;39.31;263.6;318.24
